id,title,user,bot,timestamp,domain,namespace,comment,length_old,length_new,revision_old,revision_new,minor,patrolled,wiki,title_url,wiki_url
2009159863,Anno Domini,PuppyMonkey,False,1774371761,en.wikipedia.org,0,,36094,36090,1337995673,1345163378,True,False,enwiki,https://en.wikipedia.org/wiki/Anno_Domini,https://en.wikipedia.org/w/index.php?diff=1345163378&oldid=1337995673
2009159864,FBA,Adflatuss,False,1774371763,en.wikipedia.org,0,Removed link to Easter egg redirect,1236,1201,1319417397,1345163382,False,False,enwiki,https://en.wikipedia.org/wiki/FBA,https://en.wikipedia.org/w/index.php?diff=1345163382&oldid=1319417397
2009159865,Farley Mowat,Tillman,False,1774371764,en.wikipedia.org,0,"/* External links */ + {{Commonscat}}, loc per MOS",42988,43004,1345163273,1345163383,True,False,enwiki,https://en.wikipedia.org/wiki/Farley_Mowat,https://en.wikipedia.org/w/index.php?diff=1345163383&oldid=1345163273
2009159866,Sudha (actress),DareshMohan,False,1774371765,en.wikipedia.org,0,/* Tamil */ dubbed,13647,13586,1340957940,1345163386,False,False,enwiki,https://en.wikipedia.org/wiki/Sudha_(actress),https://en.wikipedia.org/w/index.php?diff=1345163386&oldid=1340957940
2009159867,Mojang Studios,IceWelder,False,1774371765,en.wikipedia.org,0,,78266,79106,1344758499,1345163385,False,False,enwiki,https://en.wikipedia.org/wiki/Mojang_Studios,https://en.wikipedia.org/w/index.php?diff=1345163385&oldid=1344758499
2009159868,Heavy Haul Rail,Geof Sheppard,False,1774371766,en.wikipedia.org,0,/* Operations */ new section,6310,6908,1344809741,1345163388,False,False,enwiki,https://en.wikipedia.org/wiki/Heavy_Haul_Rail,https://en.wikipedia.org/w/index.php?diff=1345163388&oldid=1344809741
2009159869,Slindon,ThaesOfereode,False,1774371763,en.wikipedia.org,0,Sp,5948,5956,1311980307,1345163384,False,False,enwiki,https://en.wikipedia.org/wiki/Slindon,https://en.wikipedia.org/w/index.php?diff=1345163384&oldid=1311980307
2009159872,Pepijn Lijnders,~2026-18301-66,False,1774371767,en.wikipedia.org,0,/* Honours */,12539,12538,1345163366,1345163398,False,False,enwiki,https://en.wikipedia.org/wiki/Pepijn_Lijnders,https://en.wikipedia.org/w/index.php?diff=1345163398&oldid=1345163366
2009159874,Bernie the Dolphin,Rtkat3,False,1774371768,en.wikipedia.org,0,,8765,9259,1338974626,1345163402,False,False,enwiki,https://en.wikipedia.org/wiki/Bernie_the_Dolphin,https://en.wikipedia.org/w/index.php?diff=1345163402&oldid=1338974626
2009159877,"Montauk, New York",Patapsco913,False,1774371767,en.wikipedia.org,0,/* Racial and ethnic composition */ add,59754,59772,1345163283,1345163399,False,False,enwiki,"https://en.wikipedia.org/wiki/Montauk,_New_York",https://en.wikipedia.org/w/index.php?diff=1345163399&oldid=1345163283
2009159896,Bangladesh women's national under-20 football team,Saleah253,False,1774371768,en.wikipedia.org,0,/* 2026 */,57903,58756,1345066656,1345163403,False,False,enwiki,https://en.wikipedia.org/wiki/Bangladesh_women%27s_national_under-20_football_team,https://en.wikipedia.org/w/index.php?diff=1345163403&oldid=1345066656
2009159900,2026 FC Dallas season,Rupert1904,False,1774371772,en.wikipedia.org,0,/* League phase */ fixes,44117,44091,1345163360,1345163408,True,False,enwiki,https://en.wikipedia.org/wiki/2026_FC_Dallas_season,https://en.wikipedia.org/w/index.php?diff=1345163408&oldid=1345163360
2009159901,HPE COXA,AHA Abdullah,False,1774371774,en.wikipedia.org,0,,1958,1965,1307491175,1345163410,True,False,enwiki,https://en.wikipedia.org/wiki/HPE_COXA,https://en.wikipedia.org/w/index.php?diff=1345163410&oldid=1307491175
2009159906,2026 EUT20 Belgium,~2026-18467-24,False,1774371770,en.wikipedia.org,0,,20770,20845,1345159318,1345163404,False,False,enwiki,https://en.wikipedia.org/wiki/2026_EUT20_Belgium,https://en.wikipedia.org/w/index.php?diff=1345163404&oldid=1345159318
2009159912,"Prince Edward, Duke of Edinburgh",Happypenguins82,False,1774371773,en.wikipedia.org,0,removed deprecated [[WP:ARCHIVETODAY]] link,81945,81438,1345163024,1345163412,False,False,enwiki,"https://en.wikipedia.org/wiki/Prince_Edward,_Duke_of_Edinburgh",https://en.wikipedia.org/w/index.php?diff=1345163412&oldid=1345163024
2009159911,Untitled Jumanji: The Next Level sequel,TA2026,False,1774371772,en.wikipedia.org,0,,14227,14228,1345163277,1345163406,False,False,enwiki,https://en.wikipedia.org/wiki/Untitled_Jumanji:_The_Next_Level_sequel,https://en.wikipedia.org/w/index.php?diff=1345163406&oldid=1345163277
2009159915,128-bit computing,~2026-18461-84,False,1774371778,en.wikipedia.org,0,,11859,11851,1344766470,1345163417,False,False,enwiki,https://en.wikipedia.org/wiki/128-bit_computing,https://en.wikipedia.org/w/index.php?diff=1345163417&oldid=1344766470
2009159917,Harriet Miers,Intricate.as.a.Pinecone,False,1774371774,en.wikipedia.org,0,"Changed ""now"" to ""later"" to reflect the passage of time and further subsequent changes.",42420,42422,1344047782,1345163409,False,False,enwiki,https://en.wikipedia.org/wiki/Harriet_Miers,https://en.wikipedia.org/w/index.php?diff=1345163409&oldid=1344047782
2009159918,"Patrick Ruthven, 1st Earl of Forth",Gomach,False,1774371779,en.wikipedia.org,0,category,20712,20757,1342815925,1345163418,True,False,enwiki,"https://en.wikipedia.org/wiki/Patrick_Ruthven,_1st_Earl_of_Forth",https://en.wikipedia.org/w/index.php?diff=1345163418&oldid=1342815925
2009159919,Soil erosion,Jfponge,False,1774371770,en.wikipedia.org,0,Adding some more text and references,80036,81037,1345158105,1345163407,False,False,enwiki,https://en.wikipedia.org/wiki/Soil_erosion,https://en.wikipedia.org/w/index.php?diff=1345163407&oldid=1345158105
2009159924,Pepijn Lijnders,~2026-18301-66,False,1774371781,en.wikipedia.org,0,/* Honours */,12538,12537,1345163398,1345163422,False,False,enwiki,https://en.wikipedia.org/wiki/Pepijn_Lijnders,https://en.wikipedia.org/w/index.php?diff=1345163422&oldid=1345163398
2009159928,Sisavang Vong,TansoShoshen,False,1774371780,en.wikipedia.org,0,"File has a photo of Bao Dai from around 1929, doubt this photo was taken in 1941",8219,8213,1345162643,1345163419,False,False,enwiki,https://en.wikipedia.org/wiki/Sisavang_Vong,https://en.wikipedia.org/w/index.php?diff=1345163419&oldid=1345162643
2009159929,Flood Control Act of 1941,Bearian,False,1774371781,en.wikipedia.org,0,/* Stormwater control */Third citation and done,2290,2707,1345162903,1345163423,False,False,enwiki,https://en.wikipedia.org/wiki/Flood_Control_Act_of_1941,https://en.wikipedia.org/w/index.php?diff=1345163423&oldid=1345162903
2009159931,Gnel of Armenia,Argam Forbes,False,1774371781,en.wikipedia.org,0,/* Summary */,16091,16046,1345163364,1345163420,False,False,enwiki,https://en.wikipedia.org/wiki/Gnel_of_Armenia,https://en.wikipedia.org/w/index.php?diff=1345163420&oldid=1345163364
2009159933,Anna Trocker,Wburrow,False,1774371784,en.wikipedia.org,0,update and add WC results section,9935,11321,1343985111,1345163427,False,False,enwiki,https://en.wikipedia.org/wiki/Anna_Trocker,https://en.wikipedia.org/w/index.php?diff=1345163427&oldid=1343985111
2009159936,List of unnumbered minor planets: 2002 L–O,~2026-16988-70,False,1774371785,en.wikipedia.org,0,/* U */ Removal of meanwhile numbered objects.,29035,25265,1344773375,1345163429,False,False,enwiki,https://en.wikipedia.org/wiki/List_of_unnumbered_minor_planets:_2002_L%E2%80%93O,https://en.wikipedia.org/w/index.php?diff=1345163429&oldid=1344773375
2009159942,Bernie the Dolphin,Rtkat3,False,1774371788,en.wikipedia.org,0,Making another correction.,9259,9259,1345163402,1345163434,False,False,enwiki,https://en.wikipedia.org/wiki/Bernie_the_Dolphin,https://en.wikipedia.org/w/index.php?diff=1345163434&oldid=1345163402
2009159940,Diaa Rashwan,~2026-18357-34,False,1774371782,en.wikipedia.org,0,/* Biography */,5526,5751,1342450822,1345163426,False,False,enwiki,https://en.wikipedia.org/wiki/Diaa_Rashwan,https://en.wikipedia.org/w/index.php?diff=1345163426&oldid=1342450822
2009159944,Grégoire,Qaswa,False,1774371788,en.wikipedia.org,0,"/* Given name */ ""former"" = obsolete after death",4030,4015,1345163328,1345163436,False,False,enwiki,https://en.wikipedia.org/wiki/Gr%C3%A9goire,https://en.wikipedia.org/w/index.php?diff=1345163436&oldid=1345163328
2009159950,Ilaisa Tuiaki,Yerfdog71,False,1774371789,en.wikipedia.org,0,,5120,5122,1345163347,1345163440,False,False,enwiki,https://en.wikipedia.org/wiki/Ilaisa_Tuiaki,https://en.wikipedia.org/w/index.php?diff=1345163440&oldid=1345163347
2009159949,"St Peter's Catholic School, Guildford",~2026-10462-67,False,1774371784,en.wikipedia.org,0,,7403,7403,1339782537,1345163431,False,False,enwiki,"https://en.wikipedia.org/wiki/St_Peter%27s_Catholic_School,_Guildford",https://en.wikipedia.org/w/index.php?diff=1345163431&oldid=1339782537
2009159951,Nextel,~2026-18370-41,False,1774371785,en.wikipedia.org,0,,17574,17576,1339158692,1345163432,False,False,enwiki,https://en.wikipedia.org/wiki/Nextel,https://en.wikipedia.org/w/index.php?diff=1345163432&oldid=1339158692
2009159953,ESPNU,~2026-17241-74,False,1774371789,en.wikipedia.org,0,,22856,22865,1345161931,1345163443,False,False,enwiki,https://en.wikipedia.org/wiki/ESPNU,https://en.wikipedia.org/w/index.php?diff=1345163443&oldid=1345161931
2009159956,List of Malayalam films of 2026,Bandwagon98,False,1774371786,en.wikipedia.org,0,,51751,51759,1345107548,1345163435,False,False,enwiki,https://en.wikipedia.org/wiki/List_of_Malayalam_films_of_2026,https://en.wikipedia.org/w/index.php?diff=1345163435&oldid=1345107548
2009159957,Washington School Information Processing Cooperative,Wes Comms,False,1774371789,en.wikipedia.org,0,"This is not a non profit, it's a public agency - updated this",8746,8742,1336816284,1345163441,True,False,enwiki,https://en.wikipedia.org/wiki/Washington_School_Information_Processing_Cooperative,https://en.wikipedia.org/w/index.php?diff=1345163441&oldid=1336816284
2009159961,Congressional Award,Stationsation,False,1774371790,en.wikipedia.org,0,"/* Congressional Award national events */ I have improved the article in order maintain a neutral encyclopedic tone, removed puffery",18205,18152,1345163377,1345163444,False,False,enwiki,https://en.wikipedia.org/wiki/Congressional_Award,https://en.wikipedia.org/w/index.php?diff=1345163444&oldid=1345163377
2009159966,Davey Richards,McPhail,False,1774371790,en.wikipedia.org,0,/* Other promotions (2007–2013) */,92317,92328,1345163230,1345163449,False,False,enwiki,https://en.wikipedia.org/wiki/Davey_Richards,https://en.wikipedia.org/w/index.php?diff=1345163449&oldid=1345163230
2009159968,1948 Gujrat train massacre,LateNightCoffee,False,1774371795,en.wikipedia.org,0,added [[Category:Religious terrorist incidents in the 1940s]] using [[WP:HC|HotCat]],5427,5483,1336465845,1345163455,False,False,enwiki,https://en.wikipedia.org/wiki/1948_Gujrat_train_massacre,https://en.wikipedia.org/w/index.php?diff=1345163455&oldid=1336465845
2009159969,List of artists who reached number one on the French Singles Chart,DanTheMusicMan2,False,1774371794,en.wikipedia.org,0,update,64441,64494,1343838258,1345163453,False,False,enwiki,https://en.wikipedia.org/wiki/List_of_artists_who_reached_number_one_on_the_French_Singles_Chart,https://en.wikipedia.org/w/index.php?diff=1345163453&oldid=1343838258
2009159970,Hans Grans,The Squirrel Game,False,1774371796,en.wikipedia.org,0,Cleaned up article content (via [[User:Eejit43/scripts/article-cleaner|article-cleaner]]),7950,7935,1343835605,1345163457,False,False,enwiki,https://en.wikipedia.org/wiki/Hans_Grans,https://en.wikipedia.org/w/index.php?diff=1345163457&oldid=1343835605
2009159971,Asiya Andrabi,GangesCommander,False,1774371792,en.wikipedia.org,0,Updated information,15804,16604,1345124700,1345163451,False,False,enwiki,https://en.wikipedia.org/wiki/Asiya_Andrabi,https://en.wikipedia.org/w/index.php?diff=1345163451&oldid=1345124700
2009159979,Kovid,ArthananWarcraft,False,1774371799,en.wikipedia.org,0,cleanup,631,646,1323258954,1345163466,False,False,enwiki,https://en.wikipedia.org/wiki/Kovid,https://en.wikipedia.org/w/index.php?diff=1345163466&oldid=1323258954
2009159980,Slindon,ThaesOfereode,False,1774371796,en.wikipedia.org,0,[[MOS:DASH]],5956,5960,1345163384,1345163458,False,False,enwiki,https://en.wikipedia.org/wiki/Slindon,https://en.wikipedia.org/w/index.php?diff=1345163458&oldid=1345163384
2009159984,Roger Elliott (British Army officer),Necrothesp,False,1774371798,en.wikipedia.org,0,,11263,11330,1345163392,1345163464,True,False,enwiki,https://en.wikipedia.org/wiki/Roger_Elliott_(British_Army_officer),https://en.wikipedia.org/w/index.php?diff=1345163464&oldid=1345163392
2009159985,Pierre Louis Maupertuis,~2026-82775-4,False,1774371797,en.wikipedia.org,0,/* Biography */,28568,28533,1337985712,1345163463,False,False,enwiki,https://en.wikipedia.org/wiki/Pierre_Louis_Maupertuis,https://en.wikipedia.org/w/index.php?diff=1345163463&oldid=1337985712
2009159988,Basidiobolales,Plantdrew,False,1774371800,en.wikipedia.org,0,removed [[Category:Entomophthoromycota]]; added [[Category:Fungi]] using [[WP:HC|HotCat]],156,176,1253833719,1345163469,False,False,enwiki,https://en.wikipedia.org/wiki/Basidiobolales,https://en.wikipedia.org/w/index.php?diff=1345163469&oldid=1253833719
2009159993,Asphalt Street Storm Racing,SlowHighAdventurist,False,1774371799,en.wikipedia.org,0,,3269,3312,1345163389,1345163467,False,False,enwiki,https://en.wikipedia.org/wiki/Asphalt_Street_Storm_Racing,https://en.wikipedia.org/w/index.php?diff=1345163467&oldid=1345163389
2009159994,CITV,~2026-16739-32,False,1774371792,en.wikipedia.org,0,/* List of programmes (British and imported) */Toonmart has been removed,78271,78058,1345163316,1345163456,False,False,enwiki,https://en.wikipedia.org/wiki/CITV,https://en.wikipedia.org/w/index.php?diff=1345163456&oldid=1345163316
2009159995,Not the Kind of Girl,Headhitter,False,1774371797,en.wikipedia.org,0,+ info box,2304,2868,1345150846,1345163462,False,False,enwiki,https://en.wikipedia.org/wiki/Not_the_Kind_of_Girl,https://en.wikipedia.org/w/index.php?diff=1345163462&oldid=1345150846
2009160016,Celebrity Name Game,IceManNYR,False,1774371803,en.wikipedia.org,0,/* Reruns */ Added return of reruns to Buzzr.,19110,19204,1342567847,1345163474,False,False,enwiki,https://en.wikipedia.org/wiki/Celebrity_Name_Game,https://en.wikipedia.org/w/index.php?diff=1345163474&oldid=1342567847
2009160017,Yamaha YZ125,~2026-18381-70,False,1774371799,en.wikipedia.org,0,,5504,5516,1343643934,1345163471,False,False,enwiki,https://en.wikipedia.org/wiki/Yamaha_YZ125,https://en.wikipedia.org/w/index.php?diff=1345163471&oldid=1343643934
2009160018,Raymond Radiguet,Mafarkafut,False,1774371800,en.wikipedia.org,0,/* Early life */,24517,25037,1345161272,1345163470,True,False,enwiki,https://en.wikipedia.org/wiki/Raymond_Radiguet,https://en.wikipedia.org/w/index.php?diff=1345163470&oldid=1345161272
2009160021,2026 UNAF U-17 Tournament,~2026-18181-68,False,1774371801,en.wikipedia.org,0,/* Tournament */,6696,6696,1345163337,1345163473,False,False,enwiki,https://en.wikipedia.org/wiki/2026_UNAF_U-17_Tournament,https://en.wikipedia.org/w/index.php?diff=1345163473&oldid=1345163337
2009160022,Sangeeta (Telugu actress),DareshMohan,False,1774371805,en.wikipedia.org,0,/* Notable filmography */ ce,11624,11624,1342390500,1345163476,False,False,enwiki,https://en.wikipedia.org/wiki/Sangeeta_(Telugu_actress),https://en.wikipedia.org/w/index.php?diff=1345163476&oldid=1342390500
2009160023,Budapest Honvéd FC,HeraclesReborn,False,1774371798,en.wikipedia.org,0,Added a section on supporters,30460,32209,1336461266,1345163465,True,False,enwiki,https://en.wikipedia.org/wiki/Budapest_Honv%C3%A9d_FC,https://en.wikipedia.org/w/index.php?diff=1345163465&oldid=1336461266
2009160027,Chatha Pacha,~2026-18399-10,False,1774371801,en.wikipedia.org,0,,37104,37111,1342129159,1345163472,False,False,enwiki,https://en.wikipedia.org/wiki/Chatha_Pacha,https://en.wikipedia.org/w/index.php?diff=1345163472&oldid=1342129159
2009160031,Anna Trocker,Wburrow,False,1774371808,en.wikipedia.org,0,/* Top-ten finishes */ pl,11321,11320,1345163427,1345163480,True,False,enwiki,https://en.wikipedia.org/wiki/Anna_Trocker,https://en.wikipedia.org/w/index.php?diff=1345163480&oldid=1345163427
2009160032,2026 Corpus Christi FC season,Logan Z Man 2022!,False,1774371806,en.wikipedia.org,0,/* Current roster */,39351,39456,1344147002,1345163478,False,False,enwiki,https://en.wikipedia.org/wiki/2026_Corpus_Christi_FC_season,https://en.wikipedia.org/w/index.php?diff=1345163478&oldid=1344147002
2009160033,Invader Zim,Gamefan128,False,1774371797,en.wikipedia.org,0,cleaned up,182044,181307,1344811002,1345163460,True,False,enwiki,https://en.wikipedia.org/wiki/Invader_Zim,https://en.wikipedia.org/w/index.php?diff=1345163460&oldid=1344811002
2009160034,India in the 2026 Iran war,King Ayan Das,False,1774371809,en.wikipedia.org,0,"Typical example of [[WP:OS]] and also the violation of [[WP:REPUTABLE]]. This is an op-ed, not any published article by Tricontinental. Read this - Disclaimer: The views expressed by the author do not necessarily reflect the views of Tricontinental: Institute for Social Research (At the bottom of this article).",13051,11691,1345153650,1345163483,False,False,enwiki,https://en.wikipedia.org/wiki/India_in_the_2026_Iran_war,https://en.wikipedia.org/w/index.php?diff=1345163483&oldid=1345153650
2009160036,Capture of Rome,Overlander248,False,1774371809,en.wikipedia.org,0,,24026,24031,1344441915,1345163484,False,False,enwiki,https://en.wikipedia.org/wiki/Capture_of_Rome,https://en.wikipedia.org/w/index.php?diff=1345163484&oldid=1344441915
2009160038,2026 FC Dallas season,Rupert1904,False,1774371807,en.wikipedia.org,0,updated infobox,44091,43792,1345163408,1345163482,False,False,enwiki,https://en.wikipedia.org/wiki/2026_FC_Dallas_season,https://en.wikipedia.org/w/index.php?diff=1345163482&oldid=1345163408
2009160044,South Australian Labor Party,Jonathan Teagan,False,1774371811,en.wikipedia.org,0,Fixed House of Assembly saying 47,29585,29585,1345090902,1345163486,False,False,enwiki,https://en.wikipedia.org/wiki/South_Australian_Labor_Party,https://en.wikipedia.org/w/index.php?diff=1345163486&oldid=1345090902
2009160049,Sexistential,Livelikemusic,False,1774371814,en.wikipedia.org,0,/* Critical reception */,26388,26621,1345162065,1345163491,False,False,enwiki,https://en.wikipedia.org/wiki/Sexistential,https://en.wikipedia.org/w/index.php?diff=1345163491&oldid=1345162065
2009160051,D. H. Lawrence Birthplace Museum,MatthewDavid41,False,1774371816,en.wikipedia.org,0,The caption added,5961,5979,1345163363,1345163494,False,False,enwiki,https://en.wikipedia.org/wiki/D._H._Lawrence_Birthplace_Museum,https://en.wikipedia.org/w/index.php?diff=1345163494&oldid=1345163363
2009160052,Arthur Sullivan (Australian soldier),~2026-16909-48,False,1774371811,en.wikipedia.org,0,/* Early life */,40374,40374,1344667463,1345163490,False,False,enwiki,https://en.wikipedia.org/wiki/Arthur_Sullivan_(Australian_soldier),https://en.wikipedia.org/w/index.php?diff=1345163490&oldid=1344667463
2009160057,Kappa Crateris,Lithopsian,False,1774371818,en.wikipedia.org,0,main sequence,8300,8343,1345163289,1345163498,False,False,enwiki,https://en.wikipedia.org/wiki/Kappa_Crateris,https://en.wikipedia.org/w/index.php?diff=1345163498&oldid=1345163289
2009160059,Raymond Radiguet,Mafarkafut,False,1774371816,en.wikipedia.org,0,/* Career */,25037,25035,1345163470,1345163493,True,False,enwiki,https://en.wikipedia.org/wiki/Raymond_Radiguet,https://en.wikipedia.org/w/index.php?diff=1345163493&oldid=1345163470
2009160061,Congressional Award,Stationsation,False,1774371818,en.wikipedia.org,0,/* Congressional Award national events */ int linking improved,18152,18173,1345163444,1345163497,True,False,enwiki,https://en.wikipedia.org/wiki/Congressional_Award,https://en.wikipedia.org/w/index.php?diff=1345163497&oldid=1345163444
2009160063,Adam Smith (YouTuber),Image2012,False,1774371818,en.wikipedia.org,0,,9078,9092,1328284636,1345163499,False,False,enwiki,https://en.wikipedia.org/wiki/Adam_Smith_(YouTuber),https://en.wikipedia.org/w/index.php?diff=1345163499&oldid=1328284636
2009160064,"Brookside, New Jersey",Dreamyshade,False,1774371819,en.wikipedia.org,0,Undid revision [[Special:Diff/1345144486|1345144486]] by [[Special:Contributions/~2026-27439-2|~2026-27439-2]] ([[User talk:~2026-27439-2|talk]]) unexplained removal,14021,16037,1345144486,1345163500,False,False,enwiki,"https://en.wikipedia.org/wiki/Brookside,_New_Jersey",https://en.wikipedia.org/w/index.php?diff=1345163500&oldid=1345144486
2009160065,Allenstown House,Financefactz,False,1774371821,en.wikipedia.org,0,,3117,3144,1345163313,1345163505,False,False,enwiki,https://en.wikipedia.org/wiki/Allenstown_House,https://en.wikipedia.org/w/index.php?diff=1345163505&oldid=1345163313
2009160071,Long Expedition,Atomus23,False,1774371821,en.wikipedia.org,0,,11097,11208,1335209596,1345163504,False,False,enwiki,https://en.wikipedia.org/wiki/Long_Expedition,https://en.wikipedia.org/w/index.php?diff=1345163504&oldid=1335209596
2009160072,Friday Night Funkin',1timeuse75,False,1774371820,en.wikipedia.org,0,a lot,21794,22205,1337147716,1345163502,False,False,enwiki,https://en.wikipedia.org/wiki/Friday_Night_Funkin%27,https://en.wikipedia.org/w/index.php?diff=1345163502&oldid=1337147716
2009160075,Summer Walker discography,Whitelyne,False,1774371823,en.wikipedia.org,0,Undid revision [[Special:Diff/1340719201|1340719201]] by [[Special:Contributions/Indigault|Indigault]] ([[User talk:Indigault|talk]]) it exactly look like Kermit the Frog when you add this low-quality image,50419,50397,1343251462,1345163511,False,False,enwiki,https://en.wikipedia.org/wiki/Summer_Walker_discography,https://en.wikipedia.org/w/index.php?diff=1345163511&oldid=1343251462
2009160078,Asphalt Street Storm Racing,SlowHighAdventurist,False,1774371824,en.wikipedia.org,0,,3312,3335,1345163467,1345163510,False,False,enwiki,https://en.wikipedia.org/wiki/Asphalt_Street_Storm_Racing,https://en.wikipedia.org/w/index.php?diff=1345163510&oldid=1345163467
2009160079,Order of precedence in Bangladesh,~2026-18400-03,False,1774371820,en.wikipedia.org,0,মাধ্যমিক ও উচ্চ শিক্ষা অধিদপ্তর এবং স্বাস্থ্য অধিদপ্তর দুটোই একই ক্যাটাগরির সরকারি দপ্তর। মন্ত্রিপরিষদ বিভাগের জারিকৃত আদেশ অনুসারে এদের মহাপরিচালকগ্ণের অবস্থান অর্ডার অফ প্রেসিডেন্সে একই অবস্থানে। মাধ্যমিক ও উচ্চ শিক্ষা অধিদপ্তরের পরিচালক ও আঞ্চলিক শিক্ষা বোর্ডের চেয়ারম্যান একই পদমর্যাদার এবং সিলেকশন গ্রেডে থাকা অধ্যাপকের মধ্যে থেকে পদায়ন পান। তাই তাদের মর্যাদা অধ্যক্ষদের উপরে। অধ্যক্ষদের মর্যাদা সিলেকশন গ্রেডে থাকা অধ্যাপকের উপরে এবং অধ্যাপকের মর্যাদা জেলা প্রশাসকের উপরে। এই পদক্রম বুঝতে...,51009,50983,1345035529,1345163507,False,False,enwiki,https://en.wikipedia.org/wiki/Order_of_precedence_in_Bangladesh,https://en.wikipedia.org/w/index.php?diff=1345163507&oldid=1345035529
2009160081,Air Canada Express Flight 8646,Borgenland,False,1774371824,en.wikipedia.org,0,/* Accident */,28398,28393,1345162609,1345163513,False,False,enwiki,https://en.wikipedia.org/wiki/Air_Canada_Express_Flight_8646,https://en.wikipedia.org/w/index.php?diff=1345163513&oldid=1345162609
2009160083,2026 in heavy metal music,TheSickBehemoth,False,1774371824,en.wikipedia.org,0,/* Artists with material in production */ As I Lay Dying - no mention of a 2026 release + minor edits.,100150,99861,1345133065,1345163514,False,False,enwiki,https://en.wikipedia.org/wiki/2026_in_heavy_metal_music,https://en.wikipedia.org/w/index.php?diff=1345163514&oldid=1345133065
2009160084,List of Heroes of the Soviet Union (T),ShelfSkewed,False,1774371827,en.wikipedia.org,0,Dab link,55506,55541,1334907207,1345163517,False,False,enwiki,https://en.wikipedia.org/wiki/List_of_Heroes_of_the_Soviet_Union_(T),https://en.wikipedia.org/w/index.php?diff=1345163517&oldid=1334907207
2009160087,Munich Airport,~2026-18233-07,False,1774371821,en.wikipedia.org,0,/* Passenger */added content,145290,145483,1345159237,1345163515,False,False,enwiki,https://en.wikipedia.org/wiki/Munich_Airport,https://en.wikipedia.org/w/index.php?diff=1345163515&oldid=1345159237
2009160089,Xi Hydrae,Lithopsian,False,1774371828,en.wikipedia.org,0,Removed {{DEFAULTSORT}} using [[en:w:User:BrandonXLF/HotDefaultSort|HotDefaultSort]],9734,9708,1328172738,1345163519,False,False,enwiki,https://en.wikipedia.org/wiki/Xi_Hydrae,https://en.wikipedia.org/w/index.php?diff=1345163519&oldid=1328172738
2009160090,Ramesh Khanna,DareshMohan,False,1774371831,en.wikipedia.org,0,/* Filmography */ ce,14298,14306,1344218461,1345163525,False,False,enwiki,https://en.wikipedia.org/wiki/Ramesh_Khanna,https://en.wikipedia.org/w/index.php?diff=1345163525&oldid=1344218461
2009160092,Fort Mose,~2026-18302-86,False,1774371830,en.wikipedia.org,0,,37770,37772,1335165191,1345163523,False,False,enwiki,https://en.wikipedia.org/wiki/Fort_Mose,https://en.wikipedia.org/w/index.php?diff=1345163523&oldid=1335165191
2009160093,Masters of the Maze,~2026-72976-5,False,1774371829,en.wikipedia.org,0,,15174,15196,1345162334,1345163522,False,False,enwiki,https://en.wikipedia.org/wiki/Masters_of_the_Maze,https://en.wikipedia.org/w/index.php?diff=1345163522&oldid=1345162334
2009160096,2024 Strade Bianche,Mpjmcevoybeta,False,1774371828,en.wikipedia.org,0,,5875,5917,1342190302,1345163520,False,False,enwiki,https://en.wikipedia.org/wiki/2024_Strade_Bianche,https://en.wikipedia.org/w/index.php?diff=1345163520&oldid=1342190302
2009160101,List of television stations in California,~2026-18131-90,False,1774371832,en.wikipedia.org,0,/* Low-power */Just to let you know that some Low-Power Television Stations in the Los Angeles Market have been changed their formats and in Fresno you forgot to add KMSG-LD 39.1 on the list this station is a LATV affiliate that's what I want you to know before that takes care of this report thank you for understanding for telling you the truth.,45238,45054,1345161900,1345163529,False,False,enwiki,https://en.wikipedia.org/wiki/List_of_television_stations_in_California,https://en.wikipedia.org/w/index.php?diff=1345163529&oldid=1345161900
2009160099,Air Canada Express Flight 8646,Tigerdude9,False,1774371828,en.wikipedia.org,0,Added registration of the United Airlines aircraft.,28393,27791,1345163513,1345163521,False,False,enwiki,https://en.wikipedia.org/wiki/Air_Canada_Express_Flight_8646,https://en.wikipedia.org/w/index.php?diff=1345163521&oldid=1345163513
2009160129,In the Blink of an Eye (2026 film),~2026-18400-33,False,1774371835,en.wikipedia.org,0,/* Cast */  corrected wrong cast member as V,22716,22723,1345119880,1345163531,False,False,enwiki,https://en.wikipedia.org/wiki/In_the_Blink_of_an_Eye_(2026_film),https://en.wikipedia.org/w/index.php?diff=1345163531&oldid=1345119880
2009160145,Severino Twinobusingye,B722N,False,1774371835,en.wikipedia.org,0,added default sort template,18829,18870,1340047677,1345163532,False,False,enwiki,https://en.wikipedia.org/wiki/Severino_Twinobusingye,https://en.wikipedia.org/w/index.php?diff=1345163532&oldid=1340047677
2009160162,Basidiobolomycetes,Plantdrew,False,1774371845,en.wikipedia.org,0,rcat,29,122,1270901485,1345163543,False,False,enwiki,https://en.wikipedia.org/wiki/Basidiobolomycetes,https://en.wikipedia.org/w/index.php?diff=1345163543&oldid=1270901485
2009160161,Gnel of Armenia,Argam Forbes,False,1774371841,en.wikipedia.org,0,/* Sources */,16046,16074,1345163420,1345163539,False,False,enwiki,https://en.wikipedia.org/wiki/Gnel_of_Armenia,https://en.wikipedia.org/w/index.php?diff=1345163539&oldid=1345163420
2009160173,List of human transcription factors,Ernstkm,False,1774371837,en.wikipedia.org,0,"Minor edits to lead section for clarity; make wikitable sortable; add ""External links"" section",382860,382844,1317527907,1345163536,False,False,enwiki,https://en.wikipedia.org/wiki/List_of_human_transcription_factors,https://en.wikipedia.org/w/index.php?diff=1345163536&oldid=1317527907
2009160174,Operation Homecoming,~2026-14925-49,False,1774371847,en.wikipedia.org,0,/* Aftermath */,19006,19697,1340759960,1345163547,False,False,enwiki,https://en.wikipedia.org/wiki/Operation_Homecoming,https://en.wikipedia.org/w/index.php?diff=1345163547&oldid=1340759960
2009160175,Ryomen Sukuna,Tinysack,False,1774371848,en.wikipedia.org,0,,20576,20580,1344706138,1345163552,True,False,enwiki,https://en.wikipedia.org/wiki/Ryomen_Sukuna,https://en.wikipedia.org/w/index.php?diff=1345163552&oldid=1344706138
2009160177,Rhine derby,FrenchFootball,False,1774371844,en.wikipedia.org,0,/* Statistics */,53334,53333,1345163381,1345163541,True,False,enwiki,https://en.wikipedia.org/wiki/Rhine_derby,https://en.wikipedia.org/w/index.php?diff=1345163541&oldid=1345163381
2009160180,Seychelles national cricket team,Bs1jac,False,1774371849,en.wikipedia.org,0,,10352,10341,1337827342,1345163553,False,False,enwiki,https://en.wikipedia.org/wiki/Seychelles_national_cricket_team,https://en.wikipedia.org/w/index.php?diff=1345163553&oldid=1337827342
2009160179,Wellbeing economy,Belbury,False,1774371847,en.wikipedia.org,0,"Adding local [[Wikipedia:Short description|short description]]: ""Public policy framework"", overriding Wikidata description ""public policy framework in which the economy is designed to serve the public interest""",11841,11887,1342603805,1345163546,False,False,enwiki,https://en.wikipedia.org/wiki/Wellbeing_economy,https://en.wikipedia.org/w/index.php?diff=1345163546&oldid=1342603805
2009160182,Chess in Utah,Crow Basket,False,1774371851,en.wikipedia.org,0,,10824,10831,1343720900,1345163555,False,False,enwiki,https://en.wikipedia.org/wiki/Chess_in_Utah,https://en.wikipedia.org/w/index.php?diff=1345163555&oldid=1343720900
2009160184,Arthur Ellis (British Army officer),Necrothesp,False,1774371852,en.wikipedia.org,0,,5548,5597,1327827478,1345163556,True,False,enwiki,https://en.wikipedia.org/wiki/Arthur_Ellis_(British_Army_officer),https://en.wikipedia.org/w/index.php?diff=1345163556&oldid=1327827478
2009160183,Margaret Mahler,SimLibrarian,False,1774371849,en.wikipedia.org,0,"standardize section order ([[MOS:ORDER]]), format EL",15273,15267,1345163225,1345163548,True,False,enwiki,https://en.wikipedia.org/wiki/Margaret_Mahler,https://en.wikipedia.org/w/index.php?diff=1345163548&oldid=1345163225
2009160186,Ramesh Khanna,DareshMohan,False,1774371849,en.wikipedia.org,0,/* Other language films */,14306,14312,1345163525,1345163550,False,False,enwiki,https://en.wikipedia.org/wiki/Ramesh_Khanna,https://en.wikipedia.org/w/index.php?diff=1345163550&oldid=1345163525
2009160197,Language identification,~2026-18368-91,False,1774371853,en.wikipedia.org,0,"1) Added a reference to DOI: https://doi.org/10.1103/PhysRevLett.88.048702 regarding the use of mutual information based distance measure to construct family trees of languages. 2) inserted `a` in  which ""natural language a given content is in""",9404,9717,1341923606,1345163558,False,False,enwiki,https://en.wikipedia.org/wiki/Language_identification,https://en.wikipedia.org/w/index.php?diff=1345163558&oldid=1341923606
2009160208,2026 EUT20 Belgium,~2026-18467-24,False,1774371856,en.wikipedia.org,0,,20845,20847,1345163404,1345163566,False,False,enwiki,https://en.wikipedia.org/wiki/2026_EUT20_Belgium,https://en.wikipedia.org/w/index.php?diff=1345163566&oldid=1345163404
2009160213,Iota Crateris,Lithopsian,False,1774371856,en.wikipedia.org,0,Removed {{DEFAULTSORT}} using [[en:w:User:BrandonXLF/HotDefaultSort|HotDefaultSort]],9501,9471,1328757550,1345163564,False,False,enwiki,https://en.wikipedia.org/wiki/Iota_Crateris,https://en.wikipedia.org/w/index.php?diff=1345163564&oldid=1328757550
2009160214,Pasar malam,Singapura1965,False,1774371858,en.wikipedia.org,0,,14833,14833,1295034091,1345163567,False,False,enwiki,https://en.wikipedia.org/wiki/Pasar_malam,https://en.wikipedia.org/w/index.php?diff=1345163567&oldid=1295034091
2009160215,Big Mama (EP),IceWelder,False,1774371860,en.wikipedia.org,0,"fixed dashes per [[MOS:DASH]] by [[w:User:IceWelder/dashes.js|script]] | Cleaned up using [[WP:AutoEd|AutoEd]], [[WP:NOPIPE|unpiped]] links using [[User:Nardog/Unpipe|script]]",21090,21016,1344509689,1345163569,True,False,enwiki,https://en.wikipedia.org/wiki/Big_Mama_(EP),https://en.wikipedia.org/w/index.php?diff=1345163569&oldid=1344509689
2009160216,FC Berlin (Canada/United States),Lfwaterloo,False,1774371860,en.wikipedia.org,0,,13790,14070,1345162941,1345163570,True,False,enwiki,https://en.wikipedia.org/wiki/FC_Berlin_(Canada/United_States),https://en.wikipedia.org/w/index.php?diff=1345163570&oldid=1345162941
2009160227,A. C. Probert,Hudsonberry,False,1774371865,en.wikipedia.org,0,"/* Washburn, Wisconsin (1887–1898) */",43113,43129,1345163317,1345163575,True,False,enwiki,https://en.wikipedia.org/wiki/A._C._Probert,https://en.wikipedia.org/w/index.php?diff=1345163575&oldid=1345163317
2009160231,Asphalt Street Storm Racing,SlowHighAdventurist,False,1774371865,en.wikipedia.org,0,,3335,3361,1345163510,1345163576,False,False,enwiki,https://en.wikipedia.org/wiki/Asphalt_Street_Storm_Racing,https://en.wikipedia.org/w/index.php?diff=1345163576&oldid=1345163510
2009160236,Kanal Kannan,DareshMohan,False,1774371868,en.wikipedia.org,0,/* As an action choreographer */ ce,24186,24183,1343669668,1345163580,False,False,enwiki,https://en.wikipedia.org/wiki/Kanal_Kannan,https://en.wikipedia.org/w/index.php?diff=1345163580&oldid=1343669668
2009160248,Antoine Fontaney,LionmerterTHE,False,1774371869,en.wikipedia.org,0,"/* top */ clean up, [[WP:AWB/T|typo(s) fixed]]: June 11, 1837 → June 11, 1837,",4446,4447,1340533577,1345163584,True,False,enwiki,https://en.wikipedia.org/wiki/Antoine_Fontaney,https://en.wikipedia.org/w/index.php?diff=1345163584&oldid=1340533577
2009160250,City Council of Valladolid,Ferclopedio,False,1774371872,en.wikipedia.org,0,,4440,4468,1345159906,1345163589,False,False,enwiki,https://en.wikipedia.org/wiki/City_Council_of_Valladolid,https://en.wikipedia.org/w/index.php?diff=1345163589&oldid=1345159906
2009160251,In the Blink of an Eye (2026 film),~2026-18400-33,False,1774371870,en.wikipedia.org,0,/* Cast */,22723,22729,1345163531,1345163587,False,False,enwiki,https://en.wikipedia.org/wiki/In_the_Blink_of_an_Eye_(2026_film),https://en.wikipedia.org/w/index.php?diff=1345163587&oldid=1345163531
2009160253,Ever Again,Changedforbetter,False,1774371869,en.wikipedia.org,0,/* Reception */,84847,84670,1345162558,1345163581,False,False,enwiki,https://en.wikipedia.org/wiki/Ever_Again,https://en.wikipedia.org/w/index.php?diff=1345163581&oldid=1345162558
2009160254,2026 Men's T20 World Cup Africa Sub-regional Qualifier B,Bs1jac,False,1774371872,en.wikipedia.org,0,/* Fixtures */,12956,12977,1345162320,1345163590,False,False,enwiki,https://en.wikipedia.org/wiki/2026_Men%27s_T20_World_Cup_Africa_Sub-regional_Qualifier_B,https://en.wikipedia.org/w/index.php?diff=1345163590&oldid=1345162320
2009160255,Kwadwo Egyir,LionmerterTHE,False,1774371870,en.wikipedia.org,0,"/* ''Caboceer'' of the British */ clean up, [[WP:AWB/T|typo(s) fixed]]: Company → company",26008,26008,1342162915,1345163586,True,False,enwiki,https://en.wikipedia.org/wiki/Kwadwo_Egyir,https://en.wikipedia.org/w/index.php?diff=1345163586&oldid=1342162915
2009160262,Masters of the Maze,~2026-72976-5,False,1774371872,en.wikipedia.org,0,,15196,15197,1345163522,1345163591,False,False,enwiki,https://en.wikipedia.org/wiki/Masters_of_the_Maze,https://en.wikipedia.org/w/index.php?diff=1345163591&oldid=1345163522
2009160263,2026 Clemson Tigers softball team,Swimmer33,False,1774371874,en.wikipedia.org,0,+wk 7 rankings,29104,29135,1344835987,1345163592,False,False,enwiki,https://en.wikipedia.org/wiki/2026_Clemson_Tigers_softball_team,https://en.wikipedia.org/w/index.php?diff=1345163592&oldid=1344835987
2009160271,List of former tractor manufacturers,Neptun22,False,1774371875,en.wikipedia.org,0,/* W */ Wolverine,54068,54085,1345163324,1345163597,False,False,enwiki,https://en.wikipedia.org/wiki/List_of_former_tractor_manufacturers,https://en.wikipedia.org/w/index.php?diff=1345163597&oldid=1345163324
2009160273,Syrian civil war,Moxy,False,1774371864,en.wikipedia.org,0,/* top */ whole lead is being massively sandwiched by this info box,335802,335915,1345162043,1345163582,False,False,enwiki,https://en.wikipedia.org/wiki/Syrian_civil_war,https://en.wikipedia.org/w/index.php?diff=1345163582&oldid=1345162043
2009160275,Eric Lu,GuardianH,False,1774371876,en.wikipedia.org,0,,23488,23493,1345081986,1345163594,False,False,enwiki,https://en.wikipedia.org/wiki/Eric_Lu,https://en.wikipedia.org/w/index.php?diff=1345163594&oldid=1345081986
2009160277,Rhine derby,FrenchFootball,False,1774371879,en.wikipedia.org,0,,53333,53342,1345163541,1345163601,False,False,enwiki,https://en.wikipedia.org/wiki/Rhine_derby,https://en.wikipedia.org/w/index.php?diff=1345163601&oldid=1345163541
2009160278,2025–26 Quinnipiac Bobcats men's ice hockey season,MKP2020,False,1774371879,en.wikipedia.org,0,,39328,39328,1344857723,1345163603,False,False,enwiki,https://en.wikipedia.org/wiki/2025%E2%80%9326_Quinnipiac_Bobcats_men%27s_ice_hockey_season,https://en.wikipedia.org/w/index.php?diff=1345163603&oldid=1344857723
2009160280,"Walter Guinness, 1st Baron Moyne",LateNightCoffee,False,1774371878,en.wikipedia.org,0,added [[Category:Nationalists]] using [[WP:HC|HotCat]],65392,65418,1342618343,1345163602,False,False,enwiki,"https://en.wikipedia.org/wiki/Walter_Guinness,_1st_Baron_Moyne",https://en.wikipedia.org/w/index.php?diff=1345163602&oldid=1342618343
2009160281,Narcissus (mythology),LionmerterTHE,False,1774371877,en.wikipedia.org,0,"clean up, [[WP:AWB/T|typo(s) fixed]]: ’s → 's (3)",23189,23189,1345067068,1345163600,True,False,enwiki,https://en.wikipedia.org/wiki/Narcissus_(mythology),https://en.wikipedia.org/w/index.php?diff=1345163600&oldid=1345067068
2009160283,Sean Stevens,The Squirrel Game,False,1774371882,en.wikipedia.org,0,Cleaned up article content (via [[User:Eejit43/scripts/article-cleaner|article-cleaner]]),6330,6252,1345088820,1345163609,False,False,enwiki,https://en.wikipedia.org/wiki/Sean_Stevens,https://en.wikipedia.org/w/index.php?diff=1345163609&oldid=1345088820
2009160284,Mangadu,Balajileader,False,1774371882,en.wikipedia.org,0,"Dear editor, Please verify it on google, the only Tech Park in Mangadu is Softrate Tech Park which is more famous among people of Mangadu",5999,6017,1345163045,1345163611,False,False,enwiki,https://en.wikipedia.org/wiki/Mangadu,https://en.wikipedia.org/w/index.php?diff=1345163611&oldid=1345163045
2009160285,List of Honest Trailers episodes,Cdc-thetdifan,False,1774371875,en.wikipedia.org,0,/* 2026 */,169501,169832,1343993223,1345163599,False,False,enwiki,https://en.wikipedia.org/wiki/List_of_Honest_Trailers_episodes,https://en.wikipedia.org/w/index.php?diff=1345163599&oldid=1343993223
2009160287,"Miami Gardens, Florida",Kind Tennis Fan,False,1774371882,en.wikipedia.org,0,Reference tidy.,35288,35241,1342735729,1345163610,False,False,enwiki,"https://en.wikipedia.org/wiki/Miami_Gardens,_Florida",https://en.wikipedia.org/w/index.php?diff=1345163610&oldid=1342735729
2009160286,Azerbaijan,Goldenlane,False,1774371870,en.wikipedia.org,0,,262460,262495,1344897317,1345163593,False,False,enwiki,https://en.wikipedia.org/wiki/Azerbaijan,https://en.wikipedia.org/w/index.php?diff=1345163593&oldid=1344897317
2009160288,Ponkotsu Fūkiin to Skirt Take ga Futekisetsu na JK no Hanashi,Harushiga,False,1774371883,en.wikipedia.org,0,,16797,17162,1344675902,1345163613,False,False,enwiki,https://en.wikipedia.org/wiki/Ponkotsu_F%C5%ABkiin_to_Skirt_Take_ga_Futekisetsu_na_JK_no_Hanashi,https://en.wikipedia.org/w/index.php?diff=1345163613&oldid=1344675902
2009160291,The Abingdon Co.,Rudshoyes,False,1774371885,en.wikipedia.org,0,/* History */ better tone,7406,7422,1301382930,1345163615,False,False,enwiki,https://en.wikipedia.org/wiki/The_Abingdon_Co.,https://en.wikipedia.org/w/index.php?diff=1345163615&oldid=1301382930
2009160292,Melissa Schilling,~2026-18307-46,False,1774371882,en.wikipedia.org,0,USA,7432,7421,1343414469,1345163612,False,False,enwiki,https://en.wikipedia.org/wiki/Melissa_Schilling,https://en.wikipedia.org/w/index.php?diff=1345163612&oldid=1343414469
2009160301,Eos (Terje Rypdal & David Darling album),Arcane17,False,1774371887,en.wikipedia.org,0,,3141,3141,1341502937,1345163616,False,False,enwiki,https://en.wikipedia.org/wiki/Eos_(Terje_Rypdal_%26_David_Darling_album),https://en.wikipedia.org/w/index.php?diff=1345163616&oldid=1341502937
2009160303,Grungegaze,Aradicus77,False,1774371884,en.wikipedia.org,0,,24148,24119,1344986398,1345163614,False,False,enwiki,https://en.wikipedia.org/wiki/Grungegaze,https://en.wikipedia.org/w/index.php?diff=1345163614&oldid=1344986398
2009160304,Pepijn Lijnders,~2026-18301-66,False,1774371888,en.wikipedia.org,0,/* Honours */,12537,12524,1345163422,1345163617,False,False,enwiki,https://en.wikipedia.org/wiki/Pepijn_Lijnders,https://en.wikipedia.org/w/index.php?diff=1345163617&oldid=1345163422
2009160305,Bhaktisiddhanta Sarasvati,Stationsation,False,1774371881,en.wikipedia.org,0,,55461,55465,1344815343,1345163605,True,False,enwiki,https://en.wikipedia.org/wiki/Bhaktisiddhanta_Sarasvati,https://en.wikipedia.org/w/index.php?diff=1345163605&oldid=1344815343
2009160306,2026 Tripura Tribal Areas Autonomous District Council election,Bdm166,False,1774371889,en.wikipedia.org,0,/* National Democratic Alliance */,24995,26266,1345161098,1345163619,False,False,enwiki,https://en.wikipedia.org/wiki/2026_Tripura_Tribal_Areas_Autonomous_District_Council_election,https://en.wikipedia.org/w/index.php?diff=1345163619&oldid=1345161098
2009160318,The Man with the Bag,1isall,False,1774371894,en.wikipedia.org,0,Piping fix.,389,396,1344457558,1345163622,False,False,enwiki,https://en.wikipedia.org/wiki/The_Man_with_the_Bag,https://en.wikipedia.org/w/index.php?diff=1345163622&oldid=1344457558
2009160317,Maurice Pellosh,ARoseThorn,False,1774371891,en.wikipedia.org,0,More copy editing,19452,19203,1345162489,1345163620,False,False,enwiki,https://en.wikipedia.org/wiki/Maurice_Pellosh,https://en.wikipedia.org/w/index.php?diff=1345163620&oldid=1345162489
2009160320,Sirpy,DareshMohan,False,1774371896,en.wikipedia.org,0,/* Discography */ ce,8844,8772,1339483991,1345163626,False,False,enwiki,https://en.wikipedia.org/wiki/Sirpy,https://en.wikipedia.org/w/index.php?diff=1345163626&oldid=1339483991
2009160323,COMMAND.COM,~2026-18461-84,False,1774371895,en.wikipedia.org,0,/* See also */ Mono,28919,28928,1339003159,1345163627,False,False,enwiki,https://en.wikipedia.org/wiki/COMMAND.COM,https://en.wikipedia.org/w/index.php?diff=1345163627&oldid=1339003159
2009160325,Cheaper by the Dozen 2,Crow Basket,False,1774371897,en.wikipedia.org,0,/* Critical response */,16506,16508,1343860116,1345163628,False,False,enwiki,https://en.wikipedia.org/wiki/Cheaper_by_the_Dozen_2,https://en.wikipedia.org/w/index.php?diff=1345163628&oldid=1343860116
2009160326,Kisvárda FC,BD2412,False,1774371892,en.wikipedia.org,0,"clean up spacing around commas and other punctuation fixes, replaced: ,  → ,",32325,32316,1344340948,1345163623,True,False,enwiki,https://en.wikipedia.org/wiki/Kisv%C3%A1rda_FC,https://en.wikipedia.org/w/index.php?diff=1345163623&oldid=1344340948
2009160327,Kings of Suburbia,BD2412,False,1774371895,en.wikipedia.org,0,"/* top */ clean up spacing around commas and other punctuation fixes, replaced: ,, →  """,14354,14353,1342751473,1345163625,True,False,enwiki,https://en.wikipedia.org/wiki/Kings_of_Suburbia,https://en.wikipedia.org/w/index.php?diff=1345163625&oldid=1342751473
2009160328,Waigeo,Rif Winfield,False,1774371898,en.wikipedia.org,0,Updated to 2025 official estimates of population. Added revised (2025) areas.,9731,14376,1313932765,1345163629,False,False,enwiki,https://en.wikipedia.org/wiki/Waigeo,https://en.wikipedia.org/w/index.php?diff=1345163629&oldid=1313932765
2009160330,Dezeen,Thriley,False,1774371900,en.wikipedia.org,0,citation needed,8653,8658,1342363887,1345163630,False,False,enwiki,https://en.wikipedia.org/wiki/Dezeen,https://en.wikipedia.org/w/index.php?diff=1345163630&oldid=1342363887
2009160335,2026 Clemson Tigers softball team,Swimmer33,False,1774371900,en.wikipedia.org,0,/* Rankings */ correction,29135,29135,1345163592,1345163632,True,False,enwiki,https://en.wikipedia.org/wiki/2026_Clemson_Tigers_softball_team,https://en.wikipedia.org/w/index.php?diff=1345163632&oldid=1345163592
2009160337,Diocese of Bắc Ninh,LionmerterTHE,False,1774371900,en.wikipedia.org,0,"clean up, [[WP:AWB/T|typo(s) fixed]]: km² → km<sup>2</sup>, 1889-1924 → 1889–1924 (3)",9224,9226,1340090013,1345163631,True,False,enwiki,https://en.wikipedia.org/wiki/Diocese_of_B%E1%BA%AFc_Ninh,https://en.wikipedia.org/w/index.php?diff=1345163631&oldid=1340090013
2009160338,Ruth Maier,~2026-15395-52,False,1774371903,en.wikipedia.org,0,remove quote box - it interfered with the ==2012 apology by Norway's government== header,11454,11443,1339963608,1345163637,False,False,enwiki,https://en.wikipedia.org/wiki/Ruth_Maier,https://en.wikipedia.org/w/index.php?diff=1345163637&oldid=1339963608
2009160340,Mana Shankara Vara Prasad Garu,~2026-18434-81,False,1774371900,en.wikipedia.org,0,,19865,19865,1344925672,1345163633,False,False,enwiki,https://en.wikipedia.org/wiki/Mana_Shankara_Vara_Prasad_Garu,https://en.wikipedia.org/w/index.php?diff=1345163633&oldid=1344925672
2009160343,Allenstown House,Financefactz,False,1774371907,en.wikipedia.org,0,,3144,3148,1345163505,1345163641,False,False,enwiki,https://en.wikipedia.org/wiki/Allenstown_House,https://en.wikipedia.org/w/index.php?diff=1345163641&oldid=1345163505
2009160344,Basidiobolomycota,Plantdrew,False,1774371908,en.wikipedia.org,0,+[[Category:Fungi]]; +[[Category:Fungus phyla]]; +[[Category:Monotypic fungus taxa]] using [[WP:HC|HotCat]],45,161,1270994700,1345163645,False,False,enwiki,https://en.wikipedia.org/wiki/Basidiobolomycota,https://en.wikipedia.org/w/index.php?diff=1345163645&oldid=1270994700
2009160345,Grungegaze,Aradicus77,False,1774371904,en.wikipedia.org,0,,24119,24148,1345163614,1345163636,False,False,enwiki,https://en.wikipedia.org/wiki/Grungegaze,https://en.wikipedia.org/w/index.php?diff=1345163636&oldid=1345163614
2009160346,Coppé,Bucephalusbouncing28,False,1774371907,en.wikipedia.org,0,2025 album 30rpm,10510,10553,1320671815,1345163646,False,False,enwiki,https://en.wikipedia.org/wiki/Copp%C3%A9,https://en.wikipedia.org/w/index.php?diff=1345163646&oldid=1320671815
2009160348,1989–90 Quebec Nordiques season,LionmerterTHE,False,1774371904,en.wikipedia.org,0,"clean up, [[WP:AWB/T|typo(s) fixed]]: 5-12-1 → 5–12–1 (2), 6th round → 6th-round",39800,39808,1343682919,1345163639,True,False,enwiki,https://en.wikipedia.org/wiki/1989%E2%80%9390_Quebec_Nordiques_season,https://en.wikipedia.org/w/index.php?diff=1345163639&oldid=1343682919
2009160351,List of chess variants,Dotyoyo,False,1774371900,en.wikipedia.org,0,"Remove 3 variants that relied upon user-contributed sources: Sixteen Pawns, Prince & Princess, and Double-Take Chess.",101503,99464,1345006902,1345163634,False,False,enwiki,https://en.wikipedia.org/wiki/List_of_chess_variants,https://en.wikipedia.org/w/index.php?diff=1345163634&oldid=1345006902
2009160356,Australian Survivor: Redemption,~2026-16467-08,False,1774371906,en.wikipedia.org,0,/* Season summary */,69506,69516,1345113436,1345163642,False,False,enwiki,https://en.wikipedia.org/wiki/Australian_Survivor:_Redemption,https://en.wikipedia.org/w/index.php?diff=1345163642&oldid=1345113436
2009160358,List of Honest Trailers episodes,Cdc-thetdifan,False,1774371904,en.wikipedia.org,0,/* 2026 */,169832,169844,1345163599,1345163640,False,False,enwiki,https://en.wikipedia.org/wiki/List_of_Honest_Trailers_episodes,https://en.wikipedia.org/w/index.php?diff=1345163640&oldid=1345163599
2009160360,SNEP,DanTheMusicMan2,False,1774371907,en.wikipedia.org,0,update current no.1,73751,73688,1345163211,1345163647,False,False,enwiki,https://en.wikipedia.org/wiki/SNEP,https://en.wikipedia.org/w/index.php?diff=1345163647&oldid=1345163211
2009160361,1967 Men's World Tennis Circuit,LionmerterTHE,False,1774371889,en.wikipedia.org,0,"clean up, [[WP:AWB/T|typo(s) fixed]]: 3-6 → 3–6 (14)",187375,187402,1338899890,1345163624,True,False,enwiki,https://en.wikipedia.org/wiki/1967_Men%27s_World_Tennis_Circuit,https://en.wikipedia.org/w/index.php?diff=1345163624&oldid=1338899890
2009160359,Al-Balushi,Alexandermcnabb,False,1774371907,en.wikipedia.org,0,Reverted 1 edit by [[Special:Contributions/~2026-18401-29|~2026-18401-29]] ([[User talk:~2026-18401-29|talk]]): A huge swathe of assertions stood up by a single source. This won't really wash...,11684,8455,1345120978,1345163644,False,False,enwiki,https://en.wikipedia.org/wiki/Al-Balushi,https://en.wikipedia.org/w/index.php?diff=1345163644&oldid=1345120978
2009160362,Miguel Rojas (baseball),Wickkeypedia,False,1774371909,en.wikipedia.org,0,,26730,26732,1342099481,1345163648,True,False,enwiki,https://en.wikipedia.org/wiki/Miguel_Rojas_(baseball),https://en.wikipedia.org/w/index.php?diff=1345163648&oldid=1342099481
2009160374,Pastoral: To Die in the Country,Paleface Jack,False,1774371912,en.wikipedia.org,0,/* Bibliography */,23805,24045,1345160495,1345163656,False,False,enwiki,https://en.wikipedia.org/wiki/Pastoral:_To_Die_in_the_Country,https://en.wikipedia.org/w/index.php?diff=1345163656&oldid=1345160495
2009160376,Kim Bobo,BD2412,False,1774371909,en.wikipedia.org,0,"clean up spacing around commas and other punctuation fixes, replaced: ,r → , r,  ,  → ,",11907,11891,1293880875,1345163651,True,False,enwiki,https://en.wikipedia.org/wiki/Kim_Bobo,https://en.wikipedia.org/w/index.php?diff=1345163651&oldid=1293880875
2009160377,AS Laranja Kyoto,LionmerterTHE,False,1774371910,en.wikipedia.org,0,"clean up, [[WP:AWB/T|typo(s) fixed]]: Vice President → vice president",11934,11933,1327936346,1345163652,True,False,enwiki,https://en.wikipedia.org/wiki/AS_Laranja_Kyoto,https://en.wikipedia.org/w/index.php?diff=1345163652&oldid=1327936346
2009160379,2009 New York's 23rd congressional district special election,GigachadGigachad,False,1774371908,en.wikipedia.org,0,added county results,107123,113505,1339980018,1345163650,False,False,enwiki,https://en.wikipedia.org/wiki/2009_New_York%27s_23rd_congressional_district_special_election,https://en.wikipedia.org/w/index.php?diff=1345163650&oldid=1339980018
2009160380,Kisvejke,BD2412,False,1774371911,en.wikipedia.org,0,"clean up spacing around commas and other punctuation fixes, replaced: ,t → , t, inline, title → inline,title,  ; → ;",3136,3134,1296676947,1345163653,True,False,enwiki,https://en.wikipedia.org/wiki/Kisvejke,https://en.wikipedia.org/w/index.php?diff=1345163653&oldid=1296676947
2009160381,Youssef Wahby,The Squirrel Game,False,1774371916,en.wikipedia.org,0,Cleaned up article content (via [[User:Eejit43/scripts/article-cleaner|article-cleaner]]),3137,3168,1344944542,1345163660,False,False,enwiki,https://en.wikipedia.org/wiki/Youssef_Wahby,https://en.wikipedia.org/w/index.php?diff=1345163660&oldid=1344944542
2009160383,Duke Blue Devils men's basketball,~2026-16507-90,False,1774371912,en.wikipedia.org,0,/* National Players of the Year */,128359,128384,1344711471,1345163657,False,False,enwiki,https://en.wikipedia.org/wiki/Duke_Blue_Devils_men%27s_basketball,https://en.wikipedia.org/w/index.php?diff=1345163657&oldid=1344711471
2009160385,"Walter Guinness, 1st Baron Moyne",LateNightCoffee,False,1774371914,en.wikipedia.org,0,removed [[Category:Nationalists]]; added [[Category:Nationalist terrorist incidents in the 1940s]] using [[WP:HC|HotCat]],65418,65450,1345163602,1345163659,False,False,enwiki,"https://en.wikipedia.org/wiki/Walter_Guinness,_1st_Baron_Moyne",https://en.wikipedia.org/w/index.php?diff=1345163659&oldid=1345163602
2009160387,ESPN Deportes,~2026-17241-74,False,1774371916,en.wikipedia.org,0,,17085,17108,1344984962,1345163667,False,False,enwiki,https://en.wikipedia.org/wiki/ESPN_Deportes,https://en.wikipedia.org/w/index.php?diff=1345163667&oldid=1344984962
2009160389,Kim Brandstrup,BD2412,False,1774371916,en.wikipedia.org,0,"clean up spacing around commas and other punctuation fixes, replaced: ,  → ,  (2)",8795,8801,1319806840,1345163669,True,False,enwiki,https://en.wikipedia.org/wiki/Kim_Brandstrup,https://en.wikipedia.org/w/index.php?diff=1345163669&oldid=1319806840
2009160391,National Fire,~2026-18374-98,False,1774371915,en.wikipedia.org,0,,11302,11314,1344031681,1345163666,False,False,enwiki,https://en.wikipedia.org/wiki/National_Fire,https://en.wikipedia.org/w/index.php?diff=1345163666&oldid=1344031681
2009160396,D. C. Reid,SunloungerFrog,False,1774371918,en.wikipedia.org,0,Added {{[[Template:BLP unreferenced|BLP unreferenced]]}}; and removed {{[[Template:Unreferenced|Unreferenced]]}} tags,1816,1820,1345128698,1345163671,False,False,enwiki,https://en.wikipedia.org/wiki/D._C._Reid,https://en.wikipedia.org/w/index.php?diff=1345163671&oldid=1345128698
2009160398,Ruby Ridge standoff,Happypenguins82,False,1774371917,en.wikipedia.org,0,removed deprecated [[WP:ARCHIVETODAY]] link,108233,108076,1343732592,1345163670,False,False,enwiki,https://en.wikipedia.org/wiki/Ruby_Ridge_standoff,https://en.wikipedia.org/w/index.php?diff=1345163670&oldid=1343732592
2009160401,Gunnison Valley Hospital,LionmerterTHE,False,1774371918,en.wikipedia.org,0,"/* Governance & Administration */ clean up, [[WP:AWB/T|typo(s) fixed]]: Chief Executive Officer → chief executive officer",7433,7433,1330218742,1345163673,True,False,enwiki,https://en.wikipedia.org/wiki/Gunnison_Valley_Hospital,https://en.wikipedia.org/w/index.php?diff=1345163673&oldid=1330218742
2009160403,Stranger in Town (Toto song),Synth Legend,False,1774371917,en.wikipedia.org,0,Minor touch ups,6326,6506,1340356815,1345163665,False,False,enwiki,https://en.wikipedia.org/wiki/Stranger_in_Town_(Toto_song),https://en.wikipedia.org/w/index.php?diff=1345163665&oldid=1340356815
2009160404,2026 Colombian Air Force Lockheed C-130 crash,Borgenland,False,1774371921,en.wikipedia.org,0,/* Passengers and crew */ [[MOS:NUM]],12350,12356,1345161412,1345163678,False,False,enwiki,https://en.wikipedia.org/wiki/2026_Colombian_Air_Force_Lockheed_C-130_crash,https://en.wikipedia.org/w/index.php?diff=1345163678&oldid=1345161412
2009160418,Because the Internet,TheAmazingPeanuts,False,1774371920,en.wikipedia.org,0,,66607,66593,1345102939,1345163679,False,False,enwiki,https://en.wikipedia.org/wiki/Because_the_Internet,https://en.wikipedia.org/w/index.php?diff=1345163679&oldid=1345102939
2009160419,Blarney Stone,Crow Basket,False,1774371923,en.wikipedia.org,0,,13918,13915,1345152469,1345163682,False,False,enwiki,https://en.wikipedia.org/wiki/Blarney_Stone,https://en.wikipedia.org/w/index.php?diff=1345163682&oldid=1345152469
2009160420,Rain on Me (Lady Gaga and Ariana Grande song),Sricsi,False,1774371917,en.wikipedia.org,0,/* Recording and mixing */ fix,165512,165511,1343865286,1345163672,True,False,enwiki,https://en.wikipedia.org/wiki/Rain_on_Me_(Lady_Gaga_and_Ariana_Grande_song),https://en.wikipedia.org/w/index.php?diff=1345163672&oldid=1343865286
2009160421,"East Hampton North, New York",Patapsco913,False,1774371923,en.wikipedia.org,0,/* Demographics */ add,7413,10467,1343240724,1345163683,False,False,enwiki,"https://en.wikipedia.org/wiki/East_Hampton_North,_New_York",https://en.wikipedia.org/w/index.php?diff=1345163683&oldid=1343240724
2009160423,Stan Berry,Umutdyb,False,1774371923,en.wikipedia.org,0,,3513,3511,1291717453,1345163684,False,False,enwiki,https://en.wikipedia.org/wiki/Stan_Berry,https://en.wikipedia.org/w/index.php?diff=1345163684&oldid=1291717453
2009160426,2026 FC Dallas season,Rupert1904,False,1774371922,en.wikipedia.org,0,/* Regular season */ fixes,43792,43588,1345163482,1345163685,False,False,enwiki,https://en.wikipedia.org/wiki/2026_FC_Dallas_season,https://en.wikipedia.org/w/index.php?diff=1345163685&oldid=1345163482
2009160427,Barbara of Portugal,~2026-82775-4,False,1774371924,en.wikipedia.org,0,,15188,15178,1327810125,1345163688,False,False,enwiki,https://en.wikipedia.org/wiki/Barbara_of_Portugal,https://en.wikipedia.org/w/index.php?diff=1345163688&oldid=1327810125
2009160428,Texas Open (squash),Opposec,False,1774371922,en.wikipedia.org,0,rm editorialized metaphors tone,11735,11694,1338758179,1345163681,False,False,enwiki,https://en.wikipedia.org/wiki/Texas_Open_(squash),https://en.wikipedia.org/w/index.php?diff=1345163681&oldid=1338758179
2009160429,List of journalists killed in Russia,LionmerterTHE,False,1774371919,en.wikipedia.org,0,"clean up, [[WP:AWB/T|typo(s) fixed]]: nazi → Nazi",122553,122585,1323171477,1345163677,True,False,enwiki,https://en.wikipedia.org/wiki/List_of_journalists_killed_in_Russia,https://en.wikipedia.org/w/index.php?diff=1345163677&oldid=1323171477
2009160431,Kim Byung-chul (businessman),BD2412,False,1774371926,en.wikipedia.org,0,"/* top */ clean up spacing around commas and other punctuation fixes, replaced: ,  → ,",3930,3929,1342647414,1345163691,True,False,enwiki,https://en.wikipedia.org/wiki/Kim_Byung-chul_(businessman),https://en.wikipedia.org/w/index.php?diff=1345163691&oldid=1342647414
2009160433,The Kingdom of the Cults,Jairon Levid Abimael Caál Orozco,False,1774371929,en.wikipedia.org,0,/* Editions */ Subtitle,8500,8586,1345161600,1345163694,False,False,enwiki,https://en.wikipedia.org/wiki/The_Kingdom_of_the_Cults,https://en.wikipedia.org/w/index.php?diff=1345163694&oldid=1345161600
2009160440,Karen Obilom,LionmerterTHE,False,1774371929,en.wikipedia.org,0,"clean up, [[WP:AWB/T|typo(s) fixed]]: 2019-2021 → 2019–2021 (6)",5764,5754,1312201416,1345163695,True,False,enwiki,https://en.wikipedia.org/wiki/Karen_Obilom,https://en.wikipedia.org/w/index.php?diff=1345163695&oldid=1312201416
2009160442,Youssef Wahby,The Squirrel Game,False,1774371931,en.wikipedia.org,0,,3168,3138,1345163660,1345163699,False,False,enwiki,https://en.wikipedia.org/wiki/Youssef_Wahby,https://en.wikipedia.org/w/index.php?diff=1345163699&oldid=1345163660
2009160449,Peanut allergy,Treetear,False,1774371932,en.wikipedia.org,0,+2026 review -[[WP:MEDDATE|old refs]] with outdated epidemiologic numbers,70271,67104,1345147371,1345163704,False,False,enwiki,https://en.wikipedia.org/wiki/Peanut_allergy,https://en.wikipedia.org/w/index.php?diff=1345163704&oldid=1345147371
2009160448,Not the Kind of Girl,Headhitter,False,1774371932,en.wikipedia.org,0,Ian Shaw disambiguation,2868,2887,1345163462,1345163700,False,False,enwiki,https://en.wikipedia.org/wiki/Not_the_Kind_of_Girl,https://en.wikipedia.org/w/index.php?diff=1345163700&oldid=1345163462
2009160447,Murad Ali Shah,~2026-18377-38,False,1774371929,en.wikipedia.org,0,,13898,13889,1344939359,1345163698,False,False,enwiki,https://en.wikipedia.org/wiki/Murad_Ali_Shah,https://en.wikipedia.org/w/index.php?diff=1345163698&oldid=1344939359
2009160450,Asphalt Street Storm Racing,SlowHighAdventurist,False,1774371933,en.wikipedia.org,0,,3361,3387,1345163576,1345163703,False,False,enwiki,https://en.wikipedia.org/wiki/Asphalt_Street_Storm_Racing,https://en.wikipedia.org/w/index.php?diff=1345163703&oldid=1345163576
2009160452,Habr Yunis Sultanate,LionmerterTHE,False,1774371931,en.wikipedia.org,0,"clean up, [[WP:AWB/T|typo(s) fixed]]: modern day → modern-day (2), defacto → de facto",25862,25861,1324439468,1345163701,True,False,enwiki,https://en.wikipedia.org/wiki/Habr_Yunis_Sultanate,https://en.wikipedia.org/w/index.php?diff=1345163701&oldid=1324439468
2009160453,Bhaktisiddhanta Sarasvati,Stationsation,False,1774371927,en.wikipedia.org,0,/* Later period (1918–1937): Missionary */ I have improved the article in order maintain a neutral encyclopedic tone,55465,55364,1345163605,1345163692,False,False,enwiki,https://en.wikipedia.org/wiki/Bhaktisiddhanta_Sarasvati,https://en.wikipedia.org/w/index.php?diff=1345163692&oldid=1345163605
2009160462,Michael Lewis (basketball coach),APocketJoker,False,1774371937,en.wikipedia.org,0,/* Coaching career */ fired,8834,9319,1342475011,1345163712,False,False,enwiki,https://en.wikipedia.org/wiki/Michael_Lewis_(basketball_coach),https://en.wikipedia.org/w/index.php?diff=1345163712&oldid=1342475011
2009160473,Scality,Alexdet,False,1774371941,en.wikipedia.org,0,Added some information on RING versions newer than 7.0,17039,17549,1303035852,1345163722,False,False,enwiki,https://en.wikipedia.org/wiki/Scality,https://en.wikipedia.org/w/index.php?diff=1345163722&oldid=1303035852
2009160472,Mariano Castro (Californio),LionmerterTHE,False,1774371938,en.wikipedia.org,0,"clean up, [[WP:AWB/T|typo(s) fixed]]: hispanicized → Hispanicized, ’s → 's",18305,18304,1336941944,1345163717,True,False,enwiki,https://en.wikipedia.org/wiki/Mariano_Castro_(Californio),https://en.wikipedia.org/w/index.php?diff=1345163717&oldid=1336941944
2009160475,Morarji Desai,~2026-18357-94,False,1774371929,en.wikipedia.org,0,मैंने वह बदलाव किया है जो आपके गूगल एनसाइक्लोपीडिया पर नहीं दिखाया गया है मैंने मोरारजी देसाई की गद्दारी बताई है,42373,42796,1344698398,1345163702,False,False,enwiki,https://en.wikipedia.org/wiki/Morarji_Desai,https://en.wikipedia.org/w/index.php?diff=1345163702&oldid=1344698398
2009160476,Kingdom (2025 TV series),~2026-18400-93,False,1774371938,en.wikipedia.org,0,Added producers,10462,10509,1339422781,1345163716,False,False,enwiki,https://en.wikipedia.org/wiki/Kingdom_(2025_TV_series),https://en.wikipedia.org/w/index.php?diff=1345163716&oldid=1339422781
2009160492,The Butterfly Effect,Dead-by-Dawn,False,1774371941,en.wikipedia.org,0,/* Production */,36885,36892,1345162445,1345163724,False,False,enwiki,https://en.wikipedia.org/wiki/The_Butterfly_Effect,https://en.wikipedia.org/w/index.php?diff=1345163724&oldid=1345162445
2009160493,Padeh-ye Musa Khan,Brightkingdom,False,1774371940,en.wikipedia.org,0,Updated throughout,2321,7543,1256601199,1345163720,False,False,enwiki,https://en.wikipedia.org/wiki/Padeh-ye_Musa_Khan,https://en.wikipedia.org/w/index.php?diff=1345163720&oldid=1256601199
2009160494,Ehsan Jafri,Vasantuike,False,1774371938,en.wikipedia.org,0,/* Life */,19816,19824,1326551059,1345163718,False,False,enwiki,https://en.wikipedia.org/wiki/Ehsan_Jafri,https://en.wikipedia.org/w/index.php?diff=1345163718&oldid=1326551059
2009160495,Slindon,ThaesOfereode,False,1774371939,en.wikipedia.org,0,"/* History */[[MOS:WAW]], [[MOS:SINGLE]], ce",5960,5967,1345163458,1345163721,False,False,enwiki,https://en.wikipedia.org/wiki/Slindon,https://en.wikipedia.org/w/index.php?diff=1345163721&oldid=1345163458
2009160499,Allenstown House,Financefactz,False,1774371944,en.wikipedia.org,0,/* History */,3148,3151,1345163641,1345163728,False,False,enwiki,https://en.wikipedia.org/wiki/Allenstown_House,https://en.wikipedia.org/w/index.php?diff=1345163728&oldid=1345163641
2009160509,Basidiobolomyceta,Plantdrew,False,1774371946,en.wikipedia.org,0,+[[Category:Fungi]]; +[[Category:Subkingdoms]]; +[[Category:Monotypic fungus taxa]] using [[WP:HC|HotCat]],29,144,1270994683,1345163731,False,False,enwiki,https://en.wikipedia.org/wiki/Basidiobolomyceta,https://en.wikipedia.org/w/index.php?diff=1345163731&oldid=1270994683
2009160513,2026 Tamil Nadu Legislative Assembly election,Kalpanasundar,False,1774371939,en.wikipedia.org,0,/* Campaign */,111352,113088,1345163262,1345163723,False,False,enwiki,https://en.wikipedia.org/wiki/2026_Tamil_Nadu_Legislative_Assembly_election,https://en.wikipedia.org/w/index.php?diff=1345163723&oldid=1345163262
2009160516,"East Hampton North, New York",Patapsco913,False,1774371946,en.wikipedia.org,0,/* Demographics */ add,10467,10491,1345163683,1345163732,False,False,enwiki,"https://en.wikipedia.org/wiki/East_Hampton_North,_New_York",https://en.wikipedia.org/w/index.php?diff=1345163732&oldid=1345163683
2009160525,January 2038 lunar eclipse,LionmerterTHE,False,1774371944,en.wikipedia.org,0,"/* top */ clean up, [[WP:AWB/T|typo(s) fixed]]: ’s → 's",7278,7276,1321551681,1345163730,True,False,enwiki,https://en.wikipedia.org/wiki/January_2038_lunar_eclipse,https://en.wikipedia.org/w/index.php?diff=1345163730&oldid=1321551681
2009160529,Kisurra,BD2412,False,1774371946,en.wikipedia.org,0,"clean up spacing around commas and other punctuation fixes, replaced: ,  → ,",15701,15738,1336706786,1345163736,True,False,enwiki,https://en.wikipedia.org/wiki/Kisurra,https://en.wikipedia.org/w/index.php?diff=1345163736&oldid=1336706786
2009160531,2014 Forest Hills Drive,TheAmazingPeanuts,False,1774371947,en.wikipedia.org,0,Undid revision [[Special:Diff/1345153385|1345153385]] by [[Special:Contributions/~2026-15603-91|~2026-15603-91]] ([[User talk:~2026-15603-91|talk]]),89317,89318,1345153385,1345163738,False,False,enwiki,https://en.wikipedia.org/wiki/2014_Forest_Hills_Drive,https://en.wikipedia.org/w/index.php?diff=1345163738&oldid=1345153385
2009160532,Stan Berry,Umutdyb,False,1774371947,en.wikipedia.org,0,,3511,3509,1345163684,1345163737,False,False,enwiki,https://en.wikipedia.org/wiki/Stan_Berry,https://en.wikipedia.org/w/index.php?diff=1345163737&oldid=1345163684
2009160540,Fragging,JohnKent,False,1774371951,en.wikipedia.org,0,add citation,57178,57211,1345162975,1345163741,False,False,enwiki,https://en.wikipedia.org/wiki/Fragging,https://en.wikipedia.org/w/index.php?diff=1345163741&oldid=1345162975
2009160541,2026 FC Dallas season,Rupert1904,False,1774371949,en.wikipedia.org,0,present tense,43588,43583,1345163685,1345163739,False,False,enwiki,https://en.wikipedia.org/wiki/2026_FC_Dallas_season,https://en.wikipedia.org/w/index.php?diff=1345163739&oldid=1345163685
2009160545,Poetry.com,Kiddo27,False,1774371954,en.wikipedia.org,0,Article cleanup added multiple newspaper sources. Many of the old sources are deadlinks and not available on the way back machine. Removed unsourced material.,6827,9131,1323329035,1345163747,False,False,enwiki,https://en.wikipedia.org/wiki/Poetry.com,https://en.wikipedia.org/w/index.php?diff=1345163747&oldid=1323329035
2009160546,Ehsan Elahi Zaheer,Sidrat al-Muntaha,False,1774371950,en.wikipedia.org,0,/* Personal life */m,8124,8105,1345163257,1345163740,False,False,enwiki,https://en.wikipedia.org/wiki/Ehsan_Elahi_Zaheer,https://en.wikipedia.org/w/index.php?diff=1345163740&oldid=1345163257
2009160556,Rivoli's hummingbird,LionmerterTHE,False,1774371951,en.wikipedia.org,0,"clean up, [[WP:AWB/T|typo(s) fixed]]: U.S → U.S.",9906,9914,1329504347,1345163742,True,False,enwiki,https://en.wikipedia.org/wiki/Rivoli%27s_hummingbird,https://en.wikipedia.org/w/index.php?diff=1345163742&oldid=1329504347
2009160557,Polaris Dawn,LionmerterTHE,False,1774371952,en.wikipedia.org,0,"clean up, [[WP:AWB/T|typo(s) fixed]]: seven minute → seven-minute, a August → an August",44115,44109,1344354193,1345163743,True,False,enwiki,https://en.wikipedia.org/wiki/Polaris_Dawn,https://en.wikipedia.org/w/index.php?diff=1345163743&oldid=1344354193
2009160560,Kim Carpenter,BD2412,False,1774371954,en.wikipedia.org,0,"clean up spacing around commas and other punctuation fixes, replaced: , ,  → , , ,W → , W",17659,17658,1285416101,1345163749,True,False,enwiki,https://en.wikipedia.org/wiki/Kim_Carpenter,https://en.wikipedia.org/w/index.php?diff=1345163749&oldid=1285416101
2009160566,Australian Survivor: Redemption,~2026-16467-08,False,1774371957,en.wikipedia.org,0,/* Episodes */,69516,69526,1345163642,1345163755,False,False,enwiki,https://en.wikipedia.org/wiki/Australian_Survivor:_Redemption,https://en.wikipedia.org/w/index.php?diff=1345163755&oldid=1345163642
2009160567,List of number-one hits of 2026 (France),DanTheMusicMan2,False,1774371960,en.wikipedia.org,0,correction,8082,8082,1345162792,1345163759,False,False,enwiki,https://en.wikipedia.org/wiki/List_of_number-one_hits_of_2026_(France),https://en.wikipedia.org/w/index.php?diff=1345163759&oldid=1345162792
2009160568,2026 United States Senate election in Texas,Election Bro,False,1774371951,en.wikipedia.org,0,/* Polling */,192380,192743,1345155689,1345163745,False,False,enwiki,https://en.wikipedia.org/wiki/2026_United_States_Senate_election_in_Texas,https://en.wikipedia.org/w/index.php?diff=1345163745&oldid=1345155689
2009160570,Port Adelaide Football Club,Empole1,False,1774371955,en.wikipedia.org,0,Adding a reference for the club's decision to adopt Alberton.,237268,237568,1345161822,1345163754,False,False,enwiki,https://en.wikipedia.org/wiki/Port_Adelaide_Football_Club,https://en.wikipedia.org/w/index.php?diff=1345163754&oldid=1345161822
2009160589,Mana Shankara Vara Prasad Garu,TonySt,False,1774371959,en.wikipedia.org,0,[[WP:CVPI|CVPI]]: Reverting edits by [[Special:Contributions/~2026-18434-81|~2026-18434-81]]: per source,19865,19865,1345163633,1345163758,True,False,enwiki,https://en.wikipedia.org/wiki/Mana_Shankara_Vara_Prasad_Garu,https://en.wikipedia.org/w/index.php?diff=1345163758&oldid=1345163633
2009160590,Pashto literature and poetry,LionmerterTHE,False,1774371960,en.wikipedia.org,0,"clean up, [[WP:AWB/T|typo(s) fixed]]: sufis → Sufis, ’s → 's, 1914-1996 → 1914–1996",11034,11033,1319188230,1345163760,True,False,enwiki,https://en.wikipedia.org/wiki/Pashto_literature_and_poetry,https://en.wikipedia.org/w/index.php?diff=1345163760&oldid=1319188230
2009160592,Michael Lewis (basketball coach),APocketJoker,False,1774371964,en.wikipedia.org,0,/* Coaching career */ removed self reference,9319,9272,1345163712,1345163771,False,False,enwiki,https://en.wikipedia.org/wiki/Michael_Lewis_(basketball_coach),https://en.wikipedia.org/w/index.php?diff=1345163771&oldid=1345163712
2009160591,Grand Slam Chess Association,LionmerterTHE,False,1774371962,en.wikipedia.org,0,"/* top */ clean up, [[WP:AWB/T|typo(s) fixed]]: 2007-2012 → 2007–2012",6545,6547,1222966014,1345163763,True,False,enwiki,https://en.wikipedia.org/wiki/Grand_Slam_Chess_Association,https://en.wikipedia.org/w/index.php?diff=1345163763&oldid=1222966014
2009160594,Naftali Botwin Company,The Squirrel Game,False,1774371966,en.wikipedia.org,0,Cleaned up article content (via [[User:Eejit43/scripts/article-cleaner|article-cleaner]]),2565,2858,1343211862,1345163774,False,False,enwiki,https://en.wikipedia.org/wiki/Naftali_Botwin_Company,https://en.wikipedia.org/w/index.php?diff=1345163774&oldid=1343211862
2009160595,List of current monarchs of sovereign states,Brainiac242,False,1774371963,en.wikipedia.org,0,Undid revision [[Special:Diff/1345157279|1345157279]] by [[Special:Contributions/Agcayton|Agcayton]] ([[User talk:Agcayton|talk]]) Unexplained removal of content,58100,58480,1345157279,1345163766,False,False,enwiki,https://en.wikipedia.org/wiki/List_of_current_monarchs_of_sovereign_states,https://en.wikipedia.org/w/index.php?diff=1345163766&oldid=1345157279
2009160597,Rain on Me (Lady Gaga and Ariana Grande song),Sricsi,False,1774371960,en.wikipedia.org,0,* Remixes */,165511,165511,1345163672,1345163764,True,False,enwiki,https://en.wikipedia.org/wiki/Rain_on_Me_(Lady_Gaga_and_Ariana_Grande_song),https://en.wikipedia.org/w/index.php?diff=1345163764&oldid=1345163672
2009160603,Line of Duty,TheDoctorWho,False,1774371962,en.wikipedia.org,0,Undid revision [[Special:Diff/1345112119|1345112119]] by [[Special:Contributions/~2026-18245-89|~2026-18245-89]] ([[User talk:~2026-18245-89|talk]]) still unsourced,113960,113962,1345112119,1345163769,False,False,enwiki,https://en.wikipedia.org/wiki/Line_of_Duty,https://en.wikipedia.org/w/index.php?diff=1345163769&oldid=1345112119
2009160605,Christian fascism,~2026-13484-61,False,1774371965,en.wikipedia.org,0,Moving sources,20261,20103,1345119319,1345163775,False,False,enwiki,https://en.wikipedia.org/wiki/Christian_fascism,https://en.wikipedia.org/w/index.php?diff=1345163775&oldid=1345119319
2009160604,Martynas Echodas,KoldunMakaron,False,1774371966,en.wikipedia.org,0,,9983,10430,1345140327,1345163776,False,False,enwiki,https://en.wikipedia.org/wiki/Martynas_Echodas,https://en.wikipedia.org/w/index.php?diff=1345163776&oldid=1345140327
2009160621,Kisumu,BD2412,False,1774371963,en.wikipedia.org,0,"clean up spacing around commas and other punctuation fixes, replaced: ,J → , J, ,k → , k, ,t → , t, inline, title → inline,title",44948,44950,1336399012,1345163772,True,False,enwiki,https://en.wikipedia.org/wiki/Kisumu,https://en.wikipedia.org/w/index.php?diff=1345163772&oldid=1336399012
2009160623,299 Queen Street West,Bluefootedboobies,False,1774371968,en.wikipedia.org,0,,16556,16600,1342007346,1345163783,False,False,enwiki,https://en.wikipedia.org/wiki/299_Queen_Street_West,https://en.wikipedia.org/w/index.php?diff=1345163783&oldid=1342007346
2009160622,Ion channel,PlantPoet,False,1774371962,en.wikipedia.org,0,/* Culture */ added citation,56805,57001,1345163217,1345163765,False,False,enwiki,https://en.wikipedia.org/wiki/Ion_channel,https://en.wikipedia.org/w/index.php?diff=1345163765&oldid=1345163217
2009160628,Bagman (disambiguation),1isall,False,1774371971,en.wikipedia.org,0,"Piping, avoid repeating details.",1062,1061,1259411355,1345163788,False,False,enwiki,https://en.wikipedia.org/wiki/Bagman_(disambiguation),https://en.wikipedia.org/w/index.php?diff=1345163788&oldid=1259411355
2009160630,2026 RFL Championship season results,~2026-23134-1,False,1774371968,en.wikipedia.org,0,/* Round 8 */,24184,24204,1344846581,1345163784,False,False,enwiki,https://en.wikipedia.org/wiki/2026_RFL_Championship_season_results,https://en.wikipedia.org/w/index.php?diff=1345163784&oldid=1344846581
2009160640,Bhaktisiddhanta Sarasvati,Stationsation,False,1774371964,en.wikipedia.org,0,/* True love and renunciation */ I have improved the article in order maintain a neutral encyclopedic tone,55364,55309,1345163692,1345163770,False,False,enwiki,https://en.wikipedia.org/wiki/Bhaktisiddhanta_Sarasvati,https://en.wikipedia.org/w/index.php?diff=1345163770&oldid=1345163692
2009160641,List of anti-war songs,Hypnos7,False,1774371965,en.wikipedia.org,0,/* General pacifist and anti-war songs */Added content,93107,93180,1345162209,1345163780,False,False,enwiki,https://en.wikipedia.org/wiki/List_of_anti-war_songs,https://en.wikipedia.org/w/index.php?diff=1345163780&oldid=1345162209
2009160642,2025 Strade Bianche,Mpjmcevoybeta,False,1774371970,en.wikipedia.org,0,,5593,5674,1342190328,1345163785,False,False,enwiki,https://en.wikipedia.org/wiki/2025_Strade_Bianche,https://en.wikipedia.org/w/index.php?diff=1345163785&oldid=1342190328
2009160644,Constitution of Nepal,John Adams 362,False,1774371972,en.wikipedia.org,0,/* Nepal Interim Government Act 1951 */,43581,43581,1344992192,1345163792,False,False,enwiki,https://en.wikipedia.org/wiki/Constitution_of_Nepal,https://en.wikipedia.org/w/index.php?diff=1345163792&oldid=1344992192
2009160645,ARB Günəş,Nevocated,False,1774371972,en.wikipedia.org,0,,35881,35881,1328756732,1345163791,True,False,enwiki,https://en.wikipedia.org/wiki/ARB_G%C3%BCn%C9%99%C5%9F,https://en.wikipedia.org/w/index.php?diff=1345163791&oldid=1328756732
2009160647,Gerald Smith,Sugarbump,False,1774371974,en.wikipedia.org,0,,715,793,1048569894,1345163793,False,False,enwiki,https://en.wikipedia.org/wiki/Gerald_Smith,https://en.wikipedia.org/w/index.php?diff=1345163793&oldid=1048569894
2009160648,Kim Conley,BD2412,False,1774371971,en.wikipedia.org,0,"/* 2013 World Championships */ clean up spacing around commas and other punctuation fixes, replaced: ; → ; (2)",16847,16845,1345017009,1345163790,True,False,enwiki,https://en.wikipedia.org/wiki/Kim_Conley,https://en.wikipedia.org/w/index.php?diff=1345163790&oldid=1345017009
2009160651,They Will Kill You,SomeAnotherCastaway,False,1774371975,en.wikipedia.org,0,/* Critical response */,8654,8654,1345141439,1345163799,False,False,enwiki,https://en.wikipedia.org/wiki/They_Will_Kill_You,https://en.wikipedia.org/w/index.php?diff=1345163799&oldid=1345141439
2009160653,Heavy Haul Rail,Geof Sheppard,False,1774371976,en.wikipedia.org,0,/* References */ link to Commons,6908,6914,1345163388,1345163802,False,False,enwiki,https://en.wikipedia.org/wiki/Heavy_Haul_Rail,https://en.wikipedia.org/w/index.php?diff=1345163802&oldid=1345163388
2009160672,ESPN Deportes,~2026-17241-74,False,1774371977,en.wikipedia.org,0,,17108,17112,1345163667,1345163804,False,False,enwiki,https://en.wikipedia.org/wiki/ESPN_Deportes,https://en.wikipedia.org/w/index.php?diff=1345163804&oldid=1345163667
2009160670,David Miller (South African cricketer),~2026-18357-09,False,1774371971,en.wikipedia.org,0,added new team,29635,29743,1344988363,1345163794,False,False,enwiki,https://en.wikipedia.org/wiki/David_Miller_(South_African_cricketer),https://en.wikipedia.org/w/index.php?diff=1345163794&oldid=1344988363
2009160675,Lyari Town,Ronineditor,False,1774371978,en.wikipedia.org,0,Undid revision [[Special:Diff/1338040756|1338040756]] by [[Special:Contributions/~2026-96465-4|~2026-96465-4]] ([[User talk:~2026-96465-4|talk]]),10214,10214,1338040756,1345163811,False,False,enwiki,https://en.wikipedia.org/wiki/Lyari_Town,https://en.wikipedia.org/w/index.php?diff=1345163811&oldid=1338040756
2009160674,2026 Lebanon war,VitoxxMass,False,1774371964,en.wikipedia.org,0,Cyprus,93964,95357,1345152240,1345163778,False,False,enwiki,https://en.wikipedia.org/wiki/2026_Lebanon_war,https://en.wikipedia.org/w/index.php?diff=1345163778&oldid=1345152240
2009160677,Count of St. Germain,~2026-82775-4,False,1774371977,en.wikipedia.org,0,/* France */,48022,48012,1333936084,1345163805,False,False,enwiki,https://en.wikipedia.org/wiki/Count_of_St._Germain,https://en.wikipedia.org/w/index.php?diff=1345163805&oldid=1333936084
2009160681,Unshatter,LionmerterTHE,False,1774371978,en.wikipedia.org,0,"/* Lyrics */ clean up, [[WP:AWB/T|typo(s) fixed]]: ’s → 's",6126,6124,1333880980,1345163809,True,False,enwiki,https://en.wikipedia.org/wiki/Unshatter,https://en.wikipedia.org/w/index.php?diff=1345163809&oldid=1333880980
2009160689,2025–26 South Pacific cyclone season,OreoStar-fait,False,1774371977,en.wikipedia.org,0,/* Tropical Depression 10F */,30239,30243,1345148730,1345163806,False,False,enwiki,https://en.wikipedia.org/wiki/2025%E2%80%9326_South_Pacific_cyclone_season,https://en.wikipedia.org/w/index.php?diff=1345163806&oldid=1345148730
2009160692,2026 Corpus Christi FC season,Logan Z Man 2022!,False,1774371978,en.wikipedia.org,0,/* In */,39456,39901,1345163478,1345163814,False,False,enwiki,https://en.wikipedia.org/wiki/2026_Corpus_Christi_FC_season,https://en.wikipedia.org/w/index.php?diff=1345163814&oldid=1345163478
2009160690,Morarji Desai,TonySt,False,1774371974,en.wikipedia.org,0,[[WP:CVPI|CVPI]]: Reverting non-constructive edits by [[Special:Contributions/~2026-18357-94|~2026-18357-94]],42796,42373,1345163702,1345163801,True,False,enwiki,https://en.wikipedia.org/wiki/Morarji_Desai,https://en.wikipedia.org/w/index.php?diff=1345163801&oldid=1345163702
2009160698,Oshri Levi,LionmerterTHE,False,1774371978,en.wikipedia.org,0,"clean up, [[WP:AWB/T|typo(s) fixed]]: 2003-04 → 2003–04",6891,6892,1328458739,1345163815,True,False,enwiki,https://en.wikipedia.org/wiki/Oshri_Levi,https://en.wikipedia.org/w/index.php?diff=1345163815&oldid=1328458739
2009160708,57th Legislature of the National Congress,Moondragon21,False,1774371976,en.wikipedia.org,0,/* Rio Grande do Sul */,103033,103075,1344519143,1345163808,False,False,enwiki,https://en.wikipedia.org/wiki/57th_Legislature_of_the_National_Congress,https://en.wikipedia.org/w/index.php?diff=1345163808&oldid=1344519143
2009160714,Basidiobolomycotina,Plantdrew,False,1774371984,en.wikipedia.org,0,+[[Category:Fungi]]; +[[Category:Subphyla]]; +[[Category:Monotypic fungus taxa]] using [[WP:HC|HotCat]],64,141,1345162247,1345163824,False,False,enwiki,https://en.wikipedia.org/wiki/Basidiobolomycotina,https://en.wikipedia.org/w/index.php?diff=1345163824&oldid=1345162247
2009160715,Sam Page (North Carolina politician),Awbeal,False,1774371983,en.wikipedia.org,0,,12413,12582,1344695351,1345163822,False,False,enwiki,https://en.wikipedia.org/wiki/Sam_Page_(North_Carolina_politician),https://en.wikipedia.org/w/index.php?diff=1345163822&oldid=1344695351
2009160730,Pavers (flooring),~2026-18343-27,False,1774371981,en.wikipedia.org,0,Adding the importance of the maintenance aspect of pavers and how it is done.,17838,18649,1331668132,1345163820,False,False,enwiki,https://en.wikipedia.org/wiki/Pavers_(flooring),https://en.wikipedia.org/w/index.php?diff=1345163820&oldid=1331668132
2009160732,Australian Survivor: Redemption,~2026-16467-08,False,1774371984,en.wikipedia.org,0,/* Ratings */,69526,69536,1345163755,1345163828,False,False,enwiki,https://en.wikipedia.org/wiki/Australian_Survivor:_Redemption,https://en.wikipedia.org/w/index.php?diff=1345163828&oldid=1345163755
2009160733,Judge Advocate General (Canada),Max64958,False,1774371984,en.wikipedia.org,0,/* List of judge advocates general */,5707,5703,1288204153,1345163826,False,False,enwiki,https://en.wikipedia.org/wiki/Judge_Advocate_General_(Canada),https://en.wikipedia.org/w/index.php?diff=1345163826&oldid=1288204153
2009160735,Omeo Kumar Das,THeShavidow1,False,1774371984,en.wikipedia.org,0,/*infobox*/,10787,10760,1344620329,1345163825,False,False,enwiki,https://en.wikipedia.org/wiki/Omeo_Kumar_Das,https://en.wikipedia.org/w/index.php?diff=1345163825&oldid=1344620329
2009160737,2026 Tamil Nadu Legislative Assembly election,Kalpanasundar,False,1774371985,en.wikipedia.org,0,/* AIADMK */,113088,113088,1345163723,1345163827,False,False,enwiki,https://en.wikipedia.org/wiki/2026_Tamil_Nadu_Legislative_Assembly_election,https://en.wikipedia.org/w/index.php?diff=1345163827&oldid=1345163723
2009160743,Steven Keats,LionmerterTHE,False,1774371988,en.wikipedia.org,0,"clean up, [[WP:AWB/T|typo(s) fixed]]: from 1969–1970 → from 1969 to 1970",7397,7397,1342849998,1345163832,True,False,enwiki,https://en.wikipedia.org/wiki/Steven_Keats,https://en.wikipedia.org/w/index.php?diff=1345163832&oldid=1342849998
2009160744,Flood Control Act of 1941,Bearian,False,1774371988,en.wikipedia.org,0,{{refimprove|date=March 2026}},2707,2702,1345163423,1345163831,False,False,enwiki,https://en.wikipedia.org/wiki/Flood_Control_Act_of_1941,https://en.wikipedia.org/w/index.php?diff=1345163831&oldid=1345163423
2009160758,Kisumimi,BD2412,False,1774371989,en.wikipedia.org,0,"clean up spacing around commas and other punctuation fixes, replaced: ,p → , p",4420,4423,1188699444,1345163834,True,False,enwiki,https://en.wikipedia.org/wiki/Kisumimi,https://en.wikipedia.org/w/index.php?diff=1345163834&oldid=1188699444
2009160765,Kim Dale,BD2412,False,1774371991,en.wikipedia.org,0,"/* Publications */ clean up spacing around commas and other punctuation fixes, replaced: ,I → , I",13572,13573,1337847293,1345163837,True,False,enwiki,https://en.wikipedia.org/wiki/Kim_Dale,https://en.wikipedia.org/w/index.php?diff=1345163837&oldid=1337847293
2009160766,Jimei University,LionmerterTHE,False,1774371991,en.wikipedia.org,0,"/* top */ clean up, [[WP:AWB/T|typo(s) fixed]]: Province of → province of",3766,3766,1332181904,1345163838,True,False,enwiki,https://en.wikipedia.org/wiki/Jimei_University,https://en.wikipedia.org/w/index.php?diff=1345163838&oldid=1332181904
2009160769,"Tornado outbreak of March 10–12, 2026",ChessEric,False,1774371991,en.wikipedia.org,0,DAT updates.,107980,108098,1345163237,1345163839,False,False,enwiki,"https://en.wikipedia.org/wiki/Tornado_outbreak_of_March_10%E2%80%9312,_2026",https://en.wikipedia.org/w/index.php?diff=1345163839&oldid=1345163237
2009160778,Field Guide to Memory,Sariel Xilo,False,1774371992,en.wikipedia.org,0,"Added missing archive links, removed stub tag",6826,7178,1345163372,1345163840,False,False,enwiki,https://en.wikipedia.org/wiki/Field_Guide_to_Memory,https://en.wikipedia.org/w/index.php?diff=1345163840&oldid=1345163372
2009160781,Padeh-ye Musa Khan,Brightkingdom,False,1774371995,en.wikipedia.org,0,Minor fixes,7543,7585,1345163720,1345163844,False,False,enwiki,https://en.wikipedia.org/wiki/Padeh-ye_Musa_Khan,https://en.wikipedia.org/w/index.php?diff=1345163844&oldid=1345163720
2009160783,Saenchai,~2026-18338-27,False,1774371992,en.wikipedia.org,0,/* Titles and accomplishments */,107579,107580,1345162090,1345163841,False,False,enwiki,https://en.wikipedia.org/wiki/Saenchai,https://en.wikipedia.org/w/index.php?diff=1345163841&oldid=1345162090
2009160785,PLK (rapper),DanTheMusicMan2,False,1774371996,en.wikipedia.org,0,new peak,18996,18998,1344788095,1345163846,False,False,enwiki,https://en.wikipedia.org/wiki/PLK_(rapper),https://en.wikipedia.org/w/index.php?diff=1345163846&oldid=1344788095
2009160787,Capture of Rome,Overlander248,False,1774371996,en.wikipedia.org,0,,24031,24033,1345163484,1345163845,False,False,enwiki,https://en.wikipedia.org/wiki/Capture_of_Rome,https://en.wikipedia.org/w/index.php?diff=1345163845&oldid=1345163484
2009160791,2025–26 Dartmouth Big Green men's ice hockey season,MKP2020,False,1774371997,en.wikipedia.org,0,,35995,36009,1344857773,1345163848,False,False,enwiki,https://en.wikipedia.org/wiki/2025%E2%80%9326_Dartmouth_Big_Green_men%27s_ice_hockey_season,https://en.wikipedia.org/w/index.php?diff=1345163848&oldid=1344857773
2009160792,Maurice Pellosh,ARoseThorn,False,1774371995,en.wikipedia.org,0,/* Late recognition and legacy */,19203,19204,1345163620,1345163842,True,False,enwiki,https://en.wikipedia.org/wiki/Maurice_Pellosh,https://en.wikipedia.org/w/index.php?diff=1345163842&oldid=1345163620
2009160796,Fort Mose,~2026-18302-86,False,1774371998,en.wikipedia.org,0,,37772,37840,1345163523,1345163853,False,False,enwiki,https://en.wikipedia.org/wiki/Fort_Mose,https://en.wikipedia.org/w/index.php?diff=1345163853&oldid=1345163523
2009160797,2026 FC Dallas season,Rupert1904,False,1774371998,en.wikipedia.org,0,/* Preseason */,43583,43547,1345163739,1345163857,True,False,enwiki,https://en.wikipedia.org/wiki/2026_FC_Dallas_season,https://en.wikipedia.org/w/index.php?diff=1345163857&oldid=1345163739
2009160799,Aqua Teen Hunger Force season 6,LionmerterTHE,False,1774371997,en.wikipedia.org,0,"clean up, [[WP:AWB/T|typo(s) fixed]]: February 10, 2010 → February 10, 2010, (2), , Jr →  Jr",24625,24626,1341936651,1345163855,True,False,enwiki,https://en.wikipedia.org/wiki/Aqua_Teen_Hunger_Force_season_6,https://en.wikipedia.org/w/index.php?diff=1345163855&oldid=1341936651
2009160798,Shehzad Afzal,FlawlessOrangeHalves,False,1774371997,en.wikipedia.org,0,/* growthexperiments-addlink-summary-summary:3|0|0 */,16861,16873,1341104122,1345163849,False,False,enwiki,https://en.wikipedia.org/wiki/Shehzad_Afzal,https://en.wikipedia.org/w/index.php?diff=1345163849&oldid=1341104122
2009160803,Slindon,ThaesOfereode,False,1774372000,en.wikipedia.org,0,"/* Former amenities */Pd, cn",5967,5974,1345163721,1345163859,False,False,enwiki,https://en.wikipedia.org/wiki/Slindon,https://en.wikipedia.org/w/index.php?diff=1345163859&oldid=1345163721
2009160804,List of multilingual Indian films,DareshMohan,False,1774372002,en.wikipedia.org,0,ce,132004,132058,1345089495,1345163864,False,False,enwiki,https://en.wikipedia.org/wiki/List_of_multilingual_Indian_films,https://en.wikipedia.org/w/index.php?diff=1345163864&oldid=1345089495
2009160810,Allenstown House,Financefactz,False,1774372006,en.wikipedia.org,0,/* History */,3151,3159,1345163728,1345163869,False,False,enwiki,https://en.wikipedia.org/wiki/Allenstown_House,https://en.wikipedia.org/w/index.php?diff=1345163869&oldid=1345163728
2009160811,Greg Newman,LionmerterTHE,False,1774372003,en.wikipedia.org,0,"clean up, [[WP:AWB/T|typo(s) fixed]]: 14-0 → 14–0, 31-17 → 31–17",12067,12067,1334034859,1345163866,True,False,enwiki,https://en.wikipedia.org/wiki/Greg_Newman,https://en.wikipedia.org/w/index.php?diff=1345163866&oldid=1334034859
2009160813,List of Moving On episodes,Gaia Octavia Agrippa,False,1774372006,en.wikipedia.org,0,/* Series 11 (2020) */ link,48924,48946,1333973546,1345163870,True,False,enwiki,https://en.wikipedia.org/wiki/List_of_Moving_On_episodes,https://en.wikipedia.org/w/index.php?diff=1345163870&oldid=1333973546
2009160815,Mickey Marcus,Cloptonson,False,1774372006,en.wikipedia.org,0,/* World War II */ spelling correction,23226,23225,1342965040,1345163871,False,False,enwiki,https://en.wikipedia.org/wiki/Mickey_Marcus,https://en.wikipedia.org/w/index.php?diff=1345163871&oldid=1342965040
2009160814,Bhaktisiddhanta Sarasvati,Stationsation,False,1774372001,en.wikipedia.org,0,/* Crises of succession */ I have improved the article in order maintain a neutral encyclopedic tone,55309,55249,1345163770,1345163858,False,False,enwiki,https://en.wikipedia.org/wiki/Bhaktisiddhanta_Sarasvati,https://en.wikipedia.org/w/index.php?diff=1345163858&oldid=1345163770
2009160818,Depleted uranium,Neko-chan,False,1774372003,en.wikipedia.org,0,/* Sampling calorimeters for detectors in high-energy particle physics */ #proveit,137430,137482,1345161373,1345163867,False,False,enwiki,https://en.wikipedia.org/wiki/Depleted_uranium,https://en.wikipedia.org/w/index.php?diff=1345163867&oldid=1345161373
2009160819,The Singles Collection (Terje Rypdal album),Arcane17,False,1774372008,en.wikipedia.org,0,,2641,2641,1210503540,1345163873,False,False,enwiki,https://en.wikipedia.org/wiki/The_Singles_Collection_(Terje_Rypdal_album),https://en.wikipedia.org/w/index.php?diff=1345163873&oldid=1210503540
2009160820,Kim Dermott,BD2412,False,1774372007,en.wikipedia.org,0,"clean up spacing around commas and other punctuation fixes, replaced: ,2002 → , 2002",2631,2632,1261654865,1345163872,True,False,enwiki,https://en.wikipedia.org/wiki/Kim_Dermott,https://en.wikipedia.org/w/index.php?diff=1345163872&oldid=1261654865
2009160830,Rhett & Link,PhilipWaldman,False,1774372003,en.wikipedia.org,0,/* Good Mythical Morning */ improved 3000th episode sentence,134737,134742,1345108870,1345163865,True,False,enwiki,https://en.wikipedia.org/wiki/Rhett_%26_Link,https://en.wikipedia.org/w/index.php?diff=1345163865&oldid=1345108870
2009160833,College fraternities and sororities,OneofaKind25,False,1774372010,en.wikipedia.org,0,,90490,90507,1345160498,1345163875,False,False,enwiki,https://en.wikipedia.org/wiki/College_fraternities_and_sororities,https://en.wikipedia.org/w/index.php?diff=1345163875&oldid=1345160498
2009160836,SHAPE America,LionmerterTHE,False,1774372012,en.wikipedia.org,0,"/* National convention */ clean up, [[WP:AWB/T|typo(s) fixed]]: 1885-1960 → 1885–1960",38209,38211,1343940469,1345163876,True,False,enwiki,https://en.wikipedia.org/wiki/SHAPE_America,https://en.wikipedia.org/w/index.php?diff=1345163876&oldid=1343940469
2009160838,Marooned (Red Dwarf),TangoTizerWolfstone,False,1774372016,en.wikipedia.org,0,BBFC rating,13956,15686,1323305339,1345163881,False,False,enwiki,https://en.wikipedia.org/wiki/Marooned_(Red_Dwarf),https://en.wikipedia.org/w/index.php?diff=1345163881&oldid=1323305339
